filenameNumber,labile,moleculeID,smiles,containsAromaticSystem,labileProtonType,solvent,solventShift,machineFrequency
2,1,didD`ND@aJYfJjef`@,S1(C(=CC=C1(C(=O)O))C),1,OH,DMSO,2.5,250.131544655141
6,1,gOr@ACTiYK@H@@,C=1(N=NC=CN=1)(N),1,NH2,DMSO,2.5,250.131544655141
10,1,dk^D@IADfVyWz]MjdHB@@,N1(C=2(C=CC=CC=2(C(=C1)C(OC)=O))),1,NH,DMSO,2.5,250.131544655141
17,1,daFH@DAIe^f`@`@@,N1(=C(C=CC(=C1)C)O),1,OH,DMSO,2.5,250.131544655141
21,1,devH`Bp@cIEEBdUCMR@D@@,C=1(C2(=C(C=CC=1)SC(=N2)O)),1,OH,DMSO,2.5,250.131544655141
31,1,dmLL@@YTfYWrXYZB@h@@,C1(=C(C=CC2(=C1OCC2=O))O),1,OH,DMSO,2.5,250.131544655141
32,1,dg^DpJNpdDdLdLbdLRTv`sU@AS@@@,C(C1(=NC(=C(C(O)=O)C=C1)C))(F)(F)F,1,OH,DMSO,2.5,250.131544655141
34,1,dkmD@LLDrJIQRIWSZjjj`@,C(N1(CCNCC1))(OC(C)(C)C)=O,0,NH,CDCl3,7.26,250.131544655141
37,1,dknHHIXHaYCY@yAIe[Vjz@Hjh@@,C(OC=1(C=C(Cl)C=CC=1N))(F)(F)F,1,NH2,CDCl3,7.26,250.131544655141
38,1,dmN@@@RfV[kaV`bH`@@,C1=2(NCCCC1=CC=CC=2C),1,NH,CDCl3,7.26,250.131544655141
39,1,dg\L@@RtfU^U}Mjj@B@@,C(=O)(CCC1(=CC=C(C=C1)O))OCC,1,OH,CDCl3,7.26,250.131544655141
40,1,dg}@@@mJUue\jtp@h@H@@,C=2(C=C(CC1(=CC=C(C=C1)N))C=CN=2),1,NH2,CDCl3,7.26,250.131544655141
41,1,dk]H@JLDiWYWJevjh@J@@,N2(C=1(C=CC(=CC=1)N))(CCOCC2),1,NH2,CDCl3,7.26,250.131544655141
42,1,fhiab@BZlxD`dsJvZrPeP@@EMP@@@,C1(=C(C=2(C=CC=C(C=2(N=C1))F))O)(C(=O)OCC),1,OH,DMSO,2.5,250.131544655141
43,1,dg@@@b|dTTTQVqUisUA@R@@,N1(N=C(C=C1(C))C)(C=2(C=CC(N)=CC=2)),1,NH2,CDCl3,7.26,250.131544655141
46,1,daGH@Hk`ReWpjVn@@,O1(N=C(C(C#N)=C1)N),1,NH2,DMSO,2.5,250.131544655141
50,1,dmvHPEdH`iAIf]yn``I`@@,C(C1(=CC(Cl)=C(C=C1)F))(=O)N,1,NH2,DMSO,2.5,250.131544655141
52,1,dcLDPBTIBYAIf^VXXHHf@@,C=1(C(=C(F)C=C(C=1)F)O)(C(=O)C),1,OH,CDCl3,7.26,250.131544655141
56,1,dcNHPMXHaPaIe[vkh@bf@@,C(=S)(COC1(=CC(Cl)=CC=C1))N,1,NH2,DMSO,2.5,250.131544655141
57,1,daG@`DK`bDfUzZ@B@@,N1(=NC(Cl)=CC=C1N),1,NH2,DMSO,2.5,250.131544655141
61,1,f`q`c@EN|BHIDRBLbbbfTJrgAZMADDuLH@@,S2(C=C(N=C2(C1(=C(C(=CC=C1)Cl)Cl)))C(=O)O),1,OH,DMSO,2.5,250.131544655141
68,1,f`q`b@FN|@HrQQ[QQQVXiKULuLtu@@@,N1(C(C)=C(C(O)=O)C=C1C)(CC2(=CC=CS2)),1,OH,DMSO,2.5,250.131544655141
72,1,didH@@RYWjZjjh@@,C1(CCC(O)CC1)(C)(C),0,OH,CDCl3,7.26,250.131544655141
73,1,dknD`LxPBLdTRLrdJjefjh@@,N(C1(=CC=CS1))C(OC(C)(C)C)=O,1,NH,DMSO,2.5,250.131544655141
75,1,fdy`a@KN|CDLDYEDeeEDeJjLTZ@BejZb@@,C=1(C(=CSC=1N)C=2(C=CC(Br)=CC=2))(C(=O)OCC),1,NH2,CDCl3,7.26,250.131544655141
86,1,dcNHpMhIAICICHiCDhmpuTuT`@,O1(C(C(F)(F)F)=C(CN)C=C1C),1,NH2,CDCl3,7.26,250.131544655141
93,1,dclL@@QdfyeXUgV``bH@@,C=1(C(=O)O)(C2(=C(C=CC=1)CCO2)),1,OH,DMSO,2.5,250.131544655141
98,1,difH@ACIEEE\jfZh@@,O1(C(C)=CC(=C1(C))CN),1,NH2,CDCl3,7.26,250.131544655141
103,1,dclL@@[\dTRbJuLLtE@U@@@,C12(=C(OCCO1)C=CC(=C2)CO),1,OH,CDCl3,7.26,250.131544655141
105,1,dcnD@MAldTRbJuLLtE@U@@@,C12(=C(OCCO1)C=CC(=C2)CN),1,NH2,CDCl3,7.26,250.131544655141
108,1,f`qPb@NB]xDPdrnrwuFJu@ATmLP@@,N1(C(=C(C=N1)C(O)=O)C)(C=2(C=CC(=CC=2)Cl)),1,OH,DMSO,2.5,250.131544655141
112,1,dg|B`IWSBPRYVUeicn@BijH@@,C2(=C1(C(COCO1)=CC(=C2)F))(C(O)=O),1,OH,DMSO,2.5,250.131544655141
116,1,dkmD@BXDR[f^eaZfjjP@,N1(C(C)(C)C)(C(=CC(=N1)C)C(=O)O),1,OH,DMSO,2.5,250.131544655141
119,1,dg~D`NePBLdTTTtrIL]uL`pD@@,C2(C1(=CC=C(C(O)=O)S1))(=NC=CC=C2),1,OH,DMSO,2.5,250.131544655141
124,1,difD@BADfyeaZfi@@,C=1(N(C=CC=1)C)(C(=O)O),1,OH,DMSO,2.5,250.131544655141
125,1,daE@@@{IHhbSULt@@,N1(C=CC=C1(CN))(C),1,NH2,CDCl3,7.26,250.131544655141
128,1,daEH@LXDeeVz`@@@,C=1(N=CC(CO)=NC=1),1,OH,CDCl3,7.26,250.131544655141
133,1,daEH@LXDeezZiZ`@,N1(C=NC(CO)=C1)(C),1,OH,CDCl3,7.26,250.131544655141
134,1,daG@@@idig\jVj`@,N1(C=NC(CN)=C1)(C),1,NH2,CDCl3,7.26,250.131544655141
138,1,difD@BADfyWaZ@@@@,C(C1(=NC=CC=C1))(=O)O,1,OH,DMSO,2.5,250.131544655141
144,1,dk^D@EADfyVux]Mh@@@@@,C(C1(=CC2(=CC=CN=C2(C=C1))))(=O)O,1,OH,DMSO,2.5,250.131544655141
146,1,dcnH@IAIYVu[ev`@@@@@,C1(=CN=C2(C=CC(=CC2(=C1))CO)),1,OH,CDCl3,7.26,250.131544655141
148,1,dk^D@IALbfbbTQF]Mh@@@@@,C=2(C(=O)O)(C1(=C(C=CC=C1)N=CC=2)),1,OH,DMSO,2.5,250.131544655141
153,1,dmNH`Ld@aJYetjEZA`b@@,S1(C=2(N=CC=CC=2(C=C1(CO)))),1,OH,CDCl3,7.26,250.131544655141
154,1,difD`LxPBLdTQTrjYf`@,S1(C(C)=NC(C(O)=O)=C1),1,OH,DMSO,2.5,250.131544655141
160,1,deu@`Jd@aJYW\kahDB`@@,C=1(C=2(SC=NC=2(C=CC=1(N)))),1,NH2,DMSO,2.5,250.131544655141
165,1,dk]D@BXDR[ee]ntvf``H@@,C12(=CC=CC=C2(N(N=C1(C(O)=O))C)),1,OH,DMSO,2.5,250.131544655141
170,1,dclL@@QTfyVwaWV`@iH@@,C(=O)(O)C=1(C=CC2(=C(C=1)C=CO2)),1,OH,DMSO,2.5,250.131544655141
174,1,dmNH@EAJYWwJxZA@j@@,C(N)C=1(C=CC2(=C(C=1)C=CO2)),1,NH2,CDCl3,7.26,250.131544655141
181,1,dmvD@FADfyevEijZ`@,N1(C(C)=CC(=C1(C))C(O)=O)(C),1,OH,DMSO,2.5,250.131544655141
184,1,dcmD`HQ]@HReUelHYiZeZ`@,C=1(C=2(C(C(=CC=1)C(O)=O)=NSN=2)),1,OH,DMSO,2.5,250.131544655141
196,1,dcmL@AtDUInUmzUuiiZZ@@,C2(=CC(C(O)=O)=CC1(=NON=C12)),1,OH,DMSO,2.5,250.131544655141
198,1,difL@NABR[efyjZd@@,O1(C(=C(C)N=C1)C(=O)O),1,OH,DMSO,2.5,250.131544655141
200,1,dg~L@BANrJZIPqIMqvuKP@P@@,O1(C(=C(N=C1)C(O)=O)C2(=CC=CC=C2)),1,OH,DMSO,2.5,250.131544655141
205,1,difL@BAFR[evyiih@@,O1(C(C)=CC(C(O)=O)=N1),1,OH,DMSO,2.5,250.131544655141
209,1,daFD@HCldRbNERuP@@,O1(C(C)=CC(CO)=N1),1,OH,CDCl3,7.26,250.131544655141
210,1,daEH@HxLdRbNERuP@@,O1(C(C)=CC(CN)=N1),1,NH2,CDCl3,7.26,250.131544655141
211,1,dg|D`IT@cIEEEMLbSG]SHLA@@@,S1(C(C(=O)O)=CC=C1C2(=CC=CC=C2)),1,OH,DMSO,2.5,250.131544655141
218,1,dig@@@`Tif_Jfji@@,N1(N=C(C(=C1(C))N)C)(C),1,NH2,CDCl3,7.26,250.131544655141
219,1,dclD`IT@aJYe[qav`dFH@@,C=1(SC=2(C=CC=CC=2(C=1)))(C(=O)O),1,OH,DMSO,2.5,250.131544655141
223,1,dmLH`E@HRfUWrnf`Pb`@@,S1(C=2(C=CC=CC=2(C(=C1)CO))),1,OH,CDCl3,7.26,250.131544655141
228,1,foAQ@@F\@eLk{JtYYuUUP@QBE@@,N1(CC(CN)OCC1)(CC2(=CC=CC=C2)),1,NH2,CDCl3,7.26,250.131544655141
229,1,deUD@BXDrJZJHlKTuR@@,N1(N=C(C)C=C1(C(=O)O))(C),1,OH,DMSO,2.5,250.131544655141
232,1,dieH@LhLbTTQkjfjP@,N1(N=C(C)C=C1(CO))(C),1,OH,CDCl3,7.26,250.131544655141
234,1,deUD@BXDR[eUnZZZ`@,N1(C(=CC(=N1)C(O)=O)C)(C),1,OH,DMSO,2.5,250.131544655141
238,1,dig@@@`\dTTQrijjP@,N1(C(=CC(=N1)CN)C)(C),1,NH2,CDCl3,7.26,250.131544655141
245,1,daDD`Fx@aJU{BiYh@@,S1(C=C(C=C1)C(O)=O),1,OH,DMSO,2.5,250.131544655141
247,1,dcmH`FGPBLdTRaTITLuJtsP@@,N2(C=C(C(C1(=CC=CS1))=N2)C=O),1,NH,CDCl3,7.26,250.131544655141
250,1,gOxHF@aJU|ZVh@,S1(C=C(C=C1)CN),1,NH2,CDCl3,7.26,250.131544655141
252,1,ffc`P@L@PFNQQJIQQQISITVoEsUjjB`A`BBCJ@@,N1(C(CC=2(C1=CC=CC=2))C(=O)O)(C(OCC3(=CC=CC=C3))=O),1,OH,CDCl3,7.26,250.131544655141
253,1,dg~L@MAAR[e[Uz]Mh@bjH@@,C=12(C(=CC(C(=O)O)=CC=1)OCCN2C),1,OH,DMSO,2.5,250.131544655141
257,1,dg}L`Lgcl@cIEDUDlieRmLtuMH@@,O2(N=C(C=C2(C=1(N=C(SC=1)C)))C(O)=O),1,OH,DMSO,2.5,250.131544655141
259,1,dg~L@KAER[e]exSmh@JZD@@,C1(=CN=CO1)(C2(=CC=C(C(=O)O)C=C2)),1,OH,DMSO,2.5,250.131544655141
261,1,dk\DPIT@c`aJYf{R[SjYejd@@,S2(C(=CC=C2(C=1(SC=CC=1)))C(=O)O),1,OH,DMSO,2.5,250.131544655141
262,1,dmuD@FDDrJZJJEaZejh@@,N1(C)(N=C(C)C(=C1(C))C(=O)O),1,OH,DMSO,2.5,250.131544655141
267,1,foAA`@@HYdTtTQTRSAV\tuL@D@@@,O1(C(=C(C=C1C2(=CC=CC=C2))C(O)=O)C),1,OH,DMSO,2.5,250.131544655141
269,1,foAP`@FB@cHihhdXdfBlyijX@H@@,N1(C(=C(C=N1)C(O)=O)C)(C=2(C=CC=CC=2)),1,OH,DMSO,2.5,250.131544655141
275,1,foAp`@BLxAFQSQJHqILyYsSSP@P@@,N1(N=C(C(C)=N1)C(O)=O)(C2(=CC=CC=C2)),1,OH,DMSO,2.5,250.131544655141
288,1,dk]@`Lt@aJYyU\iSidHH`@@,S2(C=C(N=C2(C1(=CC=CC=C1)))CN),1,NH2,CDCl3,7.26,250.131544655141
293,1,dk_@@@`|dTRaRrJiVZ`@i@@,C=2(C=C(CN)C=CC=2(N1(C=CC=N1))),1,NH2,CDCl3,7.26,250.131544655141
294,1,dco@@@c\dTRaRqUJsT@D`@@,C=2(C=C(N)C=CC=2(N1(C=CC=N1))),1,NH2,CDCl3,7.26,250.131544655141
296,1,dg@@@ptiWe]\JUZX@Jh@@,C=2(C=C(CNC)C=CC=2(N1(C=CN=C1))),1,NH,CDCl3,7.26,250.131544655141
297,1,dgD@IVpQInUvWaNv`@jT`@,C=2(C=C(C(O)=O)C=CC=2(N1(N=CN=C1))),1,OH,DMSO,2.5,250.131544655141
298,1,dcl`@@bmrQQJEKETkMP@R@@,C=2(C=C(N)C=CC=2(N1(N=CN=C1))),1,NH2,CDCl3,7.26,250.131544655141
300,1,foAp@@@J\eSJk{|UKUPTDUP@@,N2(C1(=CC=C(C=C1)CN))(CCN(CC2)C),1,NH2,CDCl3,7.26,250.131544655141
303,1,dg}H@LlDifUWquSh@@@`@@,N2(=C(OC1(=CC=CC=C1))C=CC(=C2)N),1,NH2,CDCl3,7.26,250.131544655141
309,1,daEH@LHDeejZfjP@,N1(C(CO)=NC=C1)(C),1,OH,CDCl3,7.26,250.131544655141
312,1,dk]D@BDDrJZJJIEatvijiV@@,C=1(N2(C(=NC=1C)C=CC=C2))(C(=O)O),1,OH,DMSO,2.5,250.131544655141
316,1,dcm@@@WIHhddXwSmPJDP@@,C=2(N1(C=CC=C1))(C=C(N)C=CC=2),1,NH2,CDCl3,7.26,250.131544655141
317,1,dknD`BePqLbbbatrIijZZh@@,N1(C(C)=C(C(C)=C1(C(OCC)=O))Br),1,NH,DMSO,2.5,250.131544655141
320,1,dieD@BDDR[fVEjZd@@,N1(C=NC=C1(C(=O)O))(C),1,OH,DMSO,2.5,250.131544655141
323,1,daG@@@sdiU|Iij`@,N1(C(CN)=CN=C1)(C),1,NH2,CDCl3,7.26,250.131544655141
330,1,dmvBaL[iT@cI{ldTRfLJjeZZ@@,C1(=CC(=CS1)C(O)=O)([N+]([O-])=O),1,OH,DMSO,2.5,250.131544655141
333,1,dg}H@JlDiWYeRkSjj@`h@@,C=2(C(N1(CCOCC1))=CC=CC=2)(CN),1,NH2,CDCl3,7.26,250.131544655141
338,1,foAQ`@F\@avQSQQIPiBeYsPDEUD@@,C=1(C(C(=O)O)=CC=CN=1)(N2(CCOCC2)),1,OH,DMSO,2.5,250.131544655141
339,1,dclD`Et@aJYWvrnF`PIh@@,C=1(C2(=C(C=C(C(O)=O)C=1)C=CS2)),1,OH,DMSO,2.5,250.131544655141
344,1,dcmH@JtLdTRaRqUJuJ@E@@@,C1(=CN=CO1)(C=2(C=CC(=CC=2)N)),1,NH2,CDCl3,7.26,250.131544655141
345,1,dev@`I@HRfUJxZA@h@@,C=1(C2(=C(C=C(N)C=1)C=CS2)),1,NH2,CDCl3,7.26,250.131544655141
350,1,dk]@@@OIHhdd\fzUjAPJ`@@,C=2(N1(C=CC=C1))(C=CC(CN)=CC=2),1,NH2,CDCl3,7.26,250.131544655141
351,1,dk\L@@QdfyUUx]Mjj`@Hr`@,C1(C(=O)O)(CC2(=CC=CC=C2(OC1))),1,OH,DMSO,2.5,250.131544655141
353,1,dcmD@FDDR[fUvE]ZZfV`@,C=2(C=NN1(C=CC=CC1=2))(C(O)=O),1,OH,DMSO,2.5,250.131544655141
355,1,deVL@BANR[eenZej`@,O1(C(C)=NC(=C1(C))C(O)=O),1,OH,TFA,11.3,250.131544655141
356,1,difD@L@\dTTNrjYj`@,O1(C(C)=NC(=C1(C))CO),1,OH,CDCl3,7.26,250.131544655141
357,1,fhi@`@@HR[e[ZZxKSf`@jjh`@@,C12(=C(C(C)(C)CCC1(C)C)C=CC(=C2)C(=O)O),1,OH,DMSO,2.5,250.131544655141
364,1,foAP`@FB@cHihhdhTfBlyijX@H@@,N1(C(=C(C=N1)C(O)=O)C2(=CC=CC=C2))(C),1,OH,DMSO,2.5,250.131544655141
366,1,dg~D@EADfyVu~GSZ@@@`@@,C1(=C(N=C2(C=CC(=CC2(=C1))C(O)=O))C),1,OH,DMSO,2.5,250.131544655141
375,1,foAQ@@JN@eJzrndihuUT@EP@@,N1(CCOCC1)(CC=2(C=CC(=CC=2)CN)),1,NH2,CDCl3,7.26,250.131544655141
382,1,dcmH@NTLdTTTRK]NtEPYDIP@,C1(=CC=C2(NCC(OC2(=C1))C#N)),1,NH,CDCl3,7.26,250.131544655141
398,1,daDH`F@HRf]rjYj@@,C1(=CSC(CO)=C1)(C),1,OH,CDCl3,7.26,250.131544655141
399,1,daF@`F@HRf]rjYj@@,S1(C(CN)=CC(C)=C1),1,NH2,CDCl3,7.26,250.131544655141
405,1,dk\L`AtpqDfUmviaf@BfX`@,O1(C=2(C=CC(=CC=2(C=C1(C(=O)O)))Br)),1,OH,DMSO,2.5,250.131544655141
408,1,dmMH@LXDeeUZZUjViZ@@,C1(=CC=CN2(C=C(N=C12)CO)),1,OH,DMSO,2.5,250.131544655141
417,1,dmMH@JdDee[VzUiiiZ@@,C=1(C(=CN2(C=CN=C2(C=1)))CO),1,OH,CDCl3,7.26,250.131544655141
423,1,dg~D@JB|dRVTRTITnuU@AT@@,C=2(C=CC(=CC=2(N1(CCOCC1)))CO),1,OH,CDCl3,7.26,250.131544655141
424,1,dg}H@JlLdRVTRTITnuU@AT@@,C=2(C=CC(=CC=2(N1(CCOCC1)))CN),1,NH2,CDCl3,7.26,250.131544655141
425,1,dk]H@JtDiWYVJeNjh@b@@,C=2(C=CC(=CC=2(N1(CCOCC1)))N),1,NH2,CDCl3,7.26,250.131544655141
427,1,foA``@I@PdwJ{J|EYsP@UUD@@,C=1(C=C(C(=O)O)C=CC=1N2(CCCCC2)),1,OH,DMSO,2.5,250.131544655141
429,1,fhyP@@@VrRJIIKEISbiZ|FhJBJjb@@,C1(N(CCCC1)C=3(C=CC(CNC2(CC2))=CC=3)),1,NH,CDCl3,7.26,250.131544655141
430,1,foA``@A@PdwJwZ|eYsPAEUD@@,C=1(C=CC(=CC=1N2(CCCCC2))C(=O)O),1,OH,DMSO,2.5,250.131544655141
441,1,dcmD@HdNReem\i]iffjP@,C=2(C=C(C1(=CC=CO1))ON=2)(CN),1,NH2,CDCl3,7.26,250.131544655141
443,1,foA``@G@PdwJ{J|EYsP@P@@@@,C(C=2(C=CC(C=1(C=CN=CC=1))=CC=2))(=O)O,1,OH,DMSO,2.5,250.131544655141
444,1,foAP@@@VRe]e]RTUh@H@J`@@,N=1(C=CC(=CC=1)C2(=CC=C(C=C2)CNC)),1,NH,CDCl3,7.26,250.131544655141
445,1,dg|D`ML@cIEDhXeDUK]Ra@q@@@,C1(=CC=C(C(=C1)C(O)=O)C2(=CC=CS2)),1,OH,DMSO,2.5,250.131544655141
447,1,dg~@`C@HrQQJFIHeR{ThDEP@@,C1(=CC=C(C(=C1)CNC)C2(=CC=CS2)),1,NH,CDCl3,7.26,250.131544655141
449,1,dk]@@@uJUvUbiS@B@H@@@,C2(=CC(C1(=CC=NC=C1))=CC(=C2)N),1,NH2,CDCl3,7.26,250.131544655141
450,1,foAP@@@VrQIYQIPheEZ@B@Bh@@@,C=1(C(=CC=NC=1)C2(=CC(=CC=C2)CNC)),1,NH,CDCl3,7.26,250.131544655141
452,1,dcmH@JDLdTRabqTnuJDA@@@,O1(C=NC=C1C=2(C(=CC=CC=2)N)),1,NH2,CDCl3,7.26,250.131544655141
453,1,dg~L@KAER[e[mzSmh@bZD@@,C=2(C=C(C1(=CN=CO1))C=C(C(O)=O)C=2),1,OH,DMSO,2.5,250.131544655141
455,1,foAp@@@J\eSJkw|UKUPTDUP@@,N1(CCN(CC1)C2(=CC(=CC=C2)CN))(C),1,NH2,CDCl3,7.26,250.131544655141
457,1,dg@@@z|dbbtVRK]NuAPQT@@,C=1(C=CC=2(N(CCN(C=2(C=1))C)C))(CN),1,NH2,CDCl3,7.26,250.131544655141
462,1,dk^H@NAIYV{VGSh@bjH@@,C2(=CC(=CC(N1(CCCC1))=C2)CO),1,OH,CDCl3,7.26,250.131544655141
467,1,foAq@@HDlCIDhcDeBlDUjeh@Jh@@,C1(=NOC(=N1)C)(C2(=CC(=CC=C2)CNC)),1,NH,CDCl3,7.26,250.131544655141
470,1,dcmD@BXDR[eUVy]ZZZV`@,N=1(N2(C=CC=CC2(=CC=1C(O)=O))),1,OH,DMSO,2.5,250.131544655141
472,1,dk]@@@uJUnubYS@H@H@@@,C2(=CN=CC(C1(=CC(=CC=C1)N))=C2),1,NH2,CDCl3,7.26,250.131544655141
475,1,dk]@@@MJUnurY]@H@B@@@,C=1(C=C(C=NC=1)C2(=CC=C(C=C2)N)),1,NH2,CDCl3,7.26,250.131544655141
476,1,foA``@J@]dbRrTRTIJZMUU@AT@@@,C=1(C(=CC(=CC=1)CN2(CCOCC2))CO),1,OH,CDCl3,7.26,250.131544655141
480,1,dmNH`FT@aJYW_J[jYfj`@,S1(C=CC=2(N(C(=CC1=2)CO)C)),1,OH,CDCl3,7.26,250.131544655141
483,1,foAP`@CV@aInUnuyJsf`B@@@@@,C=1(C(=CN=CN=1)C2(=CC(=CC=C2)C(=O)O)),1,OH,DMSO,2.5,250.131544655141
485,1,dg}H@MLDee[mVD{h@`@@@@,C=1(C(=CN=CN=1)C2(=CC(=CC=C2)CO)),1,OH,CDCl3,7.26,250.131544655141
489,1,fhiP`@JA@IJUuVUteKNjjj@Bh@@,C=1(C=CC(=CC=1)CN)(OCCN2(CCOCC2)),1,NH2,CDCl3,7.26,250.131544655141
490,1,f`qP`@J^@IJUuVUrTlzjjh@J@@@,C=2(C=C(OCCN1(CCOCC1))C=CC=2N),1,NH2,CDCl3,7.26,250.131544655141
492,1,fdyP`@JA@IJUuVUuIRsjjj`@j`@@,C=1(C=C(C=CC=1CNC)OCCN2(CCOCC2)),1,NH,CDCl3,7.26,250.131544655141
493,1,f`a`R@JBdkP@cIDeLhiUHReUTsUUCE@@,C1(CN(C(CS1)C(=O)O)C(=O)OC(C)(C)C),0,OH,DMSO,2.5,250.131544655141
496,1,foAP`@CV@aInUvUxJsf`@`@@@@,C=1(C(=CN=CN=1)C2(=CC=C(C=C2)C(=O)O)),1,OH,DMSO,2.5,250.131544655141
498,1,dg}H@MLDee]eVx{h@H@@@@,C=2(C(C1(=CC=C(C=C1)CO))=CN=CN=2),1,OH,CDCl3,7.26,250.131544655141
499,1,foAp@@@XleJoJzdhkP@P@U@@@,C=1(C(=CN=CN=1)C2(=CC=C(C=C2)CNC)),1,NH,CDCl3,7.26,250.131544655141
500,1,dk]D@BXDrJZJJEIatvijiV@@,C=12(C=CC=CC2(=NN(C=1C(=O)O)C)),1,OH,DMSO,2.5,250.131544655141
511,1,foAp`@EZ\ABS\kkKpUgM@AUJP@@,C=2(C=C(CN1(C=NC=N1))C=CC=2C(=O)O),1,OH,DMSO,2.5,250.131544655141
513,1,dgH@IVpRVUue[cn`@jeH@@,C2(=C(C=CC(CN1(C=NC=N1))=C2)CO),1,OH,CDCl3,7.26,250.131544655141
515,1,fdyP@`LZ@D^d@rDYAJYyU]zqQQjYBBJj`@@,C=2(C=C(C=1(SC=C(N=1)CNC))C=CC=2C(F)(F)F),1,NH,CDCl3,7.26,250.131544655141
528,1,dkm@hDhHchaYCY@yCHheELYFF@bJh@@,C1(C(F)(F)F)(=C(C(Cl)=NC(=C1)Cl)N),1,NH2,CDCl3,7.26,250.131544655141
530,1,dcOD@AePQIeegEVijf`@,C1(=C(N(C)N=C1)N)(C(=O)OCC),1,NH2,CDCl3,7.26,250.131544655141
532,1,dg@PBZpbIbLbbbTTrKJ]pPUEQ@@,C=2(N1(CCNCC1))(C(Cl)=CN=CC=2Cl),1,NH,CDCl3,7.26,250.131544655141
544,1,f`q`b@NBd@HrQQQJJUKXX{uMLpPD@@@,S1(C(C(=O)OC)=C(C=C1C2(=CC=CC=C2))N),1,NH2,CDCl3,7.26,250.131544655141
546,1,do}DIMNwBHFPfPVPNW{HhhdiDgFz@`ji`@@,C=1([N+]([O-])=O)(C=C(C(F)(F)F)C(=CC=1N)Cl),1,NH2,CDCl3,7.26,250.131544655141
547,1,fhi`a@KN|BHDDYEDeeDdeCQbmP@TuSP`@@,S1(C(C(=O)OC)=C(C=C1C2(=CC=C(C=C2)Cl))N),1,NH2,DMSO,2.5,250.131544655141
549,1,dkmDpJ{SBPRPrPrJPqJISijfif`@,N1(C=C(C(C(F)(F)F)=N1)C(=O)O)(C),1,OH,DMSO,2.5,250.131544655141
556,1,fdyPc@J\lxD`bPqHYEHXhihid^JCFjfjA`D@@,N1(N=CC(C(O)=O)=C1(C(F)(F)F))(C=2(C=CC=CC=2)),1,OH,DMSO,2.5,250.131544655141
559,1,deVD`JxPBDiU{pjVfh@@,S1(C=C(C(=C1)N)C(=O)OC),1,NH2,CDCl3,7.26,250.131544655141
560,1,dcLLpAePqDBJqLbbTVTIMSUSR@@,S1(C(C(=O)OC)=C(C(=C1Br)Br)O),1,OH,DMSO,2.5,250.131544655141
563,1,dcuD@LtDrJIJQUMUUV@@,C(OC(C)(C)C)(=O)NCCC#N,0,NH,CDCl3,7.26,250.131544655141
567,1,dg@@@VtjYU_^V]jB`bh@@,N2(C1(=CC=C(C=C1)N))(CCN(CC2)C),1,NH2,CDCl3,7.26,250.131544655141
568,1,deVD`LxPBDig{Jjefh@@,S1(C(N)=C(C=C1)C(OC)=O),1,NH2,CDCl3,7.26,250.131544655141
584,1,dk]D@ILDRY[VtUtvh@ab@@,C(OC)(C=1(C=CC2(=C(C=1)N=CN2)))=O,1,NH,DMSO,2.5,250.131544655141
595,1,dmuD`BZUCDRYfVIijZZ@@,N1(C)(C(=C(Br)C(=N1)C)C(=O)O),1,OH,DMSO,2.5,250.131544655141
596,1,f`qP`@FB@cHihhh]DdpSoMRuP@P@@,N1(C(C)=C(C(O)=O)C(C)=N1)(C2(=CC=CC=C2)),1,OH,DMSO,2.5,250.131544655141
612,1,dmuDaFTYCDZYyIe[fn`BF`@@,[N+](C1(=CC(Br)=CC=C1N))([O-])=O,1,NH2,CDCl3,7.26,250.131544655141
613,1,dg\L`J[`BLdRTQTRQwUMP@@@@,C(=O)(O)CSCCOC1(=CC=CC=C1),1,OH,DMSO,2.5,250.131544655141
624,1,fdep@@@PdeLsK[kdYXOhsUA@@@`@@,N2(C(=CC(C1(=CC=CC=C1))=N2)N)(C3(=CC=CC=C3)),1,NH2,CDCl3,7.26,250.131544655141
626,1,f`qA`@@HHdwJzrkNN|uMW@@`@@,O2(C(=CC=C2(C#CC1(=CC=CC=C1)))C(O)=O),1,OH,DMSO,2.5,250.131544655141
629,1,deTL`JFPBDiUVpjVih@@,S1(C=C(OC)C(C(O)=O)=C1),1,OH,DMSO,2.5,250.131544655141
631,1,fdea@@B@RYvYeU|DlGtZjh@@@`@@,N1(CC(C1)O)(C(C2(=CC=CC=C2))C=3(C=CC=CC=3)),1,OH,CDCl3,7.26,250.131544655141
637,1,dgD@FFPSHihheBdJz[STtmP@@,C1(=C(C)N2(C(N=C1)=CC(=N2)C))(C(=O)O),1,OH,DMSO,2.5,250.131544655141
640,1,difH@FAIVUxZ`@@@,N1(=CC(CCO)=CC=C1),1,OH,CDCl3,7.26,250.131544655141
652,1,foA@P@@HeYImfU}yKQfjP`J`@@,C1(=C(C=C2(OC=C(C2(=C1))CC(O)=O))OC),1,OH,DMSO,2.5,250.131544655141
656,1,dk_D`DH]LHaIe[]jXYffefh@@,C=2(N1(C(C=CC(=N1)Cl)=NC=2(C(O)=O))),1,OH,DMSO,2.5,250.131544655141
657,1,dmvH@IAJ[WUnh@J`@@,C1(=CC=C(C=C1)CNC)(OC),1,NH,CDCl3,7.26,250.131544655141
658,1,dkn@pMBPRPrPrJPqIPhYj`@j@@,C(C=1(C=C(CNC)C=CC=1))(F)(F)F,1,NH,CDCl3,7.26,250.131544655141
659,1,deV@`ABHRYWVf`@j@@,C=1(Cl)(C=CC(=CC=1)CNC),1,NH,CDCl3,7.26,250.131544655141
661,1,die@@@yJUuJ`@j@@,N1(=CC=C(C=C1)CNC),1,NH,CDCl3,7.26,250.131544655141
672,1,foA`a@IV\BHDDILk]nuNJu@DSTp`@@,S2(C=C(N=C2(C1(=CC(=CC=C1)Cl)))C(=O)O),1,OH,DMSO,2.5,250.131544655141
678,1,dmuH@JDDiWVbjjjj`@,CC(C)(CN1(CCOCC1))N,0,NH2,CDCl3,7.26,250.131544655141
681,1,deU@`FDLQIVYfFjVj@@,N1(N=C(C)C(=C1(C))CCBr),1,NH,CDCl3,7.26,250.131544655141
684,1,dklD`MLLQIe]UjZ@BjX@@,C1(=CC=C(CCCC(O)=O)C=C1)(Br),1,OH,DMSO,2.5,250.131544655141
687,1,defD`DJ`BDfyUZjj@@,O(CC)C(C(N)=S)OCC,0,NH2,DMSO,2.5,250.131544655141
690,1,dg}D@FxDrJZJIJECIvtAAUD@@,N2(C1(=NC=CC=C1(C(O)=O)))(CCCC2),1,OH,DMSO,2.5,250.131544655141
696,1,dg|D`Cl@aJUyW[BeZV@BZ@@,C(=O)(C1(=CC=C(C=C1)C2(=CSC=C2)))O,1,OH,DMSO,2.5,250.131544655141
710,1,fdy```LZL@H}HAdHrFRJKQIJJjSEEVidHFJj@@@,S2(C(C1(=CC=C(C=C1)C(F)(F)F))=NC(C(O)=O)=C2),1,OH,DMSO,2.5,250.131544655141
722,1,daEH`D[`bDfUZZ@B@@,N1(=C(C=C(N=C1)Cl)O),1,OH,DMSO,2.5,250.131544655141
725,1,deuH@JdDie]rnF`PJ@@,C1(=C(C=C2(C(=C1)N=CO2))N),1,NH2,DMSO,2.5,250.131544655141
726,1,foQq@@AR\CIEDehXdlTxJsjA@jjb@@,C1(=CN=C(C2(=C1OC=C2))N3(CCNCC3)),1,NH,CDCl3,7.26,250.131544655141
731,1,dcnD`BWPqDfYVuixXHJEH@@,C1(=CC=C2(C(=C1Br)NC(C2=O)=O)),1,NH,DMSO,2.5,250.131544655141
732,1,dclD@@UJYf]hYv`hbHaJ@@,C1(=CC=C2(OC(CCC2(=C1))CO)),1,OH,CDCl3,7.26,250.131544655141
733,1,dcLL`AWPdDfYWyn`HFX@@,C1(=CC(=C(C=C1(C(O)=O))C=O)F),1,OH,DMSO,2.5,250.131544655141
735,1,dcnH`NtLSHhheEFp}LADLd@@,C1(=CC=C2(C(=C1Br)C(=CN2)C=O)),1,NH,DMSO,2.5,250.131544655141
739,1,fhipb@ARuxHLQIe]Y[zcMF`@jeib@@,C=2(Br)(C=CC(CN1(C(=C(N=N1)C(O)=O)C))=CC=2),1,OH,DMSO,2.5,250.131544655141
742,1,fhqa`@L@PGHhdiEXdlkNZjj@BP@@,C=1(C=CC(=CC=1)C=O)(CNC(=O)OC(C)(C)C),1,NH,CDCl3,7.26,250.131544655141
744,1,fhqa`@L@PGHhdiEXdh[NZjj@BP@@,C=1(C=CC(C=O)=CC=1CNC(OC(C)(C)C)=O),1,NH,CDCl3,7.26,250.131544655141
745,1,fhipb@DLEhpIAIe[]mjgAR`BJfja@@,C=1(C=C2(C(=NC=1F)NN=C2(C(OC(C)(C)C)=O))),1,NH,DMSO,2.5,250.131544655141
752,1,dg|DPClH`PcHhdieBiSCL@EMLP@@,S1(C=2(C=CC(=CC=2(C(=C1)CC(=O)O))Cl)),1,OH,DMSO,2.5,250.131544655141
757,1,dmM@@@yIYe^ne^dHB@@,N1(C=C(C=2(C=CC=CC1=2))C#N),1,NH,DMSO,2.5,250.131544655141
758,1,devD@HAdiYWpafdHB@@,O1(N=C(C2(=C1C=CC=C2))O),1,OH,CDCl3,7.26,250.131544655141
770,1,deVH@AAJYU^f```@@,NCCOC1(=CC=CC=C1),1,NH2,CDCl3,7.26,250.131544655141
771,1,dcNL`DY]BHRYVWjz@Hi`@@,N=1(C(=CC(=CC=1OC)C(O)=O)Cl),1,OH,DMSO,2.5,250.131544655141
772,1,dmvD`DePbLbbRbLih@JX@@,C=1(C(O)=O)(C=C(Cl)N=C(C=1)C),1,OH,DMSO,2.5,250.131544655141
775,1,dmu@pNTIAICICHiCEEiVjB@@@,C(C1(=C(N)C=NC=C1))(F)(F)F,1,NH2,CDCl3,7.26,250.131544655141
777,1,dknDpCWPdDdLdLbdLTRbdzhHF@@@,C1(=C(C(F)(F)F)C=CN=C1)(C(=O)O),1,OH,DMSO,2.5,250.131544655141
782,1,foAQ@@DN@drsJkjlYsT@@@@@@,C(NC=1(C=CN=CC=1))(=O)C2(=CC=CC=C2),1,NH,DMSO,2.5,250.131544655141
783,1,dg]LqNWSlIAICIAYolbdLRRR`sU@AS@@@,C=1([N+]([O-])=O)(C=C(C(F)(F)F)C=NC=1O),1,OH,DMSO,2.5,250.131544655141
784,1,daG@`B[`qDfYrZek`@,N1(C=C(C(C#N)=N1)Br),1,NH,DMSO,2.5,250.131544655141
785,1,die@PDhHchaIefXXBH@@,N1(=C(C(N)=CC=C1Cl)Cl),1,NH2,DMSO,2.5,250.131544655141
786,1,fdypb@NBt{pICHhdlheBieQbcP@ULsTP@@,N1(N=CC(=C1(N))C(OCC)=O)(C2(=CC=C(C=C2)F)),1,NH2,DMSO,2.5,250.131544655141
788,1,dmtDPBTHchcHhhmDVFBBI@@,C1(=CC(=C(O)C(=C1)Cl)Cl)(C=O),1,OH,CDCl3,7.26,250.131544655141
790,1,fhqQPBHL@`soPeGYEMEDeMEFKSPPTLt@@@,C=1(NC(=O)C)(C(=CC=CC=1(C(=O)OC))[N+](=O)[O-]),1,NH,CDCl3,7.26,250.131544655141
799,1,difH@BCHhhdVz@``@@,N1(=C(C(O)=CC=C1C)C),1,OH,DMSO,2.5,250.131544655141
806,1,f`aQC@N^lBPQHXdLbdLTRRTtmUPPQM`@@,C1(C(F)(F)F)(=C(NC(=O)C)C=CC(C#N)=C1),1,NH,DMSO,2.5,250.131544655141
807,1,dk^D@JCTiWYVJeNjh@b@@,N2(C1(=CC(O)=CC=C1))(CCOCC2),1,OH,CDCl3,7.26,250.131544655141
813,1,die@@@{IDeBbh@J`@@,N1(=CC(CNC)=CC=C1),1,NH,CDCl3,7.26,250.131544655141
814,1,foAPRBBVxHs`QAIEvQQQJIEQLejtDCELd@@,C1(=C(Cl)C=C2(C(=C1)C(NC2=O)=O))([N+](=O)[O-]),1,NH,DMSO,2.5,250.131544655141
817,1,deU@@@iIYg~G``H@@,N#CC1(=C(C=C(C=C1)C)N),1,NH2,CDCl3,7.26,250.131544655141
827,1,dg]HpAl`dDdLdLbdJbbrr{UPPE`@@,C(OC=1(C(=CC=C(C#N)C=1)N))(F)(F)F,1,NH2,CDCl3,7.26,250.131544655141
828,1,dmtD`ITHaIfWyn`HI`@@,C(C=1(C=C(Cl)C(=CC=1)C))(=O)O,1,OH,DMSO,2.5,250.131544655141
832,1,dcND@MADfVulYZ`@h@@,C(C=1(C=C(C)C(=CC=1)N))(=O)OC,1,NH2,DMSO,2.5,250.131544655141
837,1,devH@DAIeURhYZh@@@@,N1(C(CC=2(C1=CC=CC=2))=O),1,NH,DMSO,2.5,250.131544655141
838,1,dknBaEx]LIAYOlbbbTRlZXHFI`@@,[N+](C=1(C=C(F)C(=CC=1)C(=O)O))([O-])=O,1,OH,DMSO,2.5,250.131544655141
839,1,f`qQb@L^`bp@cIICEDdebjqgKUAPQP@@,S(N1(CCOCC1))(C2(=CC=C(C=C2)N))(=O)=O,1,NH2,DMSO,2.5,250.131544655141
841,1,dmtD`ITHaIe[zf`@i`@@,C1(C(=O)O)(=C(C=C(C=C1)Cl)C),1,OH,DMSO,2.5,250.131544655141
842,1,deV@`IBHRYe}n`HJ@@,C1(=C(C=CC(=C1)CN)C)(Cl),1,NH2,CDCl3,7.26,250.131544655141
846,1,deWD`LhXP@cIIKDmpkTmP@@,N1(C=NC(S(N)(=O)=O)=C1)(C),1,NH2,DMSO,2.5,250.131544655141
849,1,dk]H@HxDiY^upmNej@B@@,O1(C(=C(N)C(=N1)C2(=CC=CC=C2))C),1,NH2,CDCl3,7.26,250.131544655141
857,1,foAHB@NBtxDQdTRVTRaUFJM@ATsY@@@,N1(C(=C(C#N)C=N1)N)(C=2(C=CC(=CC=2)Cl)),1,NH2,DMSO,2.5,250.131544655141
861,1,f`q`b@LV\@HRfYYUnQm^h@H@X@@@,C1(=C(C(=O)O)C=CC=N1)(SC=2(C=CC=CC=2)),1,OH,DMSO,2.5,250.131544655141
863,1,dmuHpJyPdDdLdLbdLTQzZjZi@@,N1(C(C(F)(F)F)=CC(O)=N1)(C),1,OH,CDCl3,7.26,250.131544655141
871,1,deWDaDiadLRigdfVVIjZid@@,[N+](C=1(N=C(NC=1Br)C))([O-])=O,1,NH,DMSO,2.5,250.131544655141
874,1,fly@b@LFAbIK\kJttJUL@EUUP@@,C1(=C(C(C(C)(C)C)=CC(=C1)C(=O)CBr)O)(C(C)(C)C),1,OH,CDCl3,7.26,250.131544655141
877,1,dcm@`DxLSHheEDcPkl@D@@@@,N1(=C(C2(=CC=CC=C2(C=C1N)))Br),1,NH2,CDCl3,7.26,250.131544655141
878,1,dcmH`DIPbDfVUVngYhHD`@@,N=1(NC(=O)C=2(C(C=1Cl)=CC=CC=2)),1,NH,DMSO,2.5,250.131544655141
879,1,dmM@@@qJYuVfeP`@@@@,N=1(C(=CC=2(C(C=1)=CC=CC=2))N),1,NH2,DMSO,2.5,250.131544655141
887,1,dmM@@@qJYm^neP`@@@@,N1(=C(N)C=CC=2(C1=CC=CC=2)),1,NH2,DMSO,2.5,250.131544655141
891,1,dg|D`MLLQIfV[eiVx@HA`@@,C2(C(=O)O)(=C1(C(Br)=CC=CC1=CC=C2)),1,OH,DMSO,2.5,250.131544655141
896,1,fgA@`@@HR[ZUYeiQeVZjjjjlBddi@@,C12(CC(=O)O)(CC3(CC(C1)CC(C2)C3)),0,OH,DMSO,2.5,250.131544655141
897,1,dewH@HS`ReUgBFZViZ@@,C=1(N)(C=2(C(C=CC=1)=NON=2)),1,NH2,CDCl3,7.26,250.131544655141
904,1,dk\L@@PdfyVux]Mjj@BHp`@,O1(C(C(=O)O)CCC=2(C1=CC=CC=2)),1,OH,DMSO,2.5,250.131544655141
913,1,dmvH`EdHaIYVyah@a`@@,C(C=1(C=C(CCl)C=CC=1))(=O)N,1,NH2,DMSO,2.5,250.131544655141
916,1,fhiaa@IZ|DDQrHrJJIQRjYQ`mF`Haiib@@,O1(C(C)=C(C(=N1)C2(=C(C=CC=C2Cl)Cl))C(O)=O),1,OH,DMSO,2.5,250.131544655141
919,1,dcMD`LHY@HrQQEJYYULtuP@@,N1(=C(SC=C1CC(=O)OCC)N),1,NH2,CDCl3,7.26,250.131544655141
924,1,daEH@HHDiY|jfZ`@,O1(C(=C(C(C)=N1)C)N),1,NH2,DMSO,2.5,250.131544655141
929,1,dcLL`B{PkDfYy]a``bd@@,C1(=C(C=C(C=C1OC)C=O)I)(O),1,OH,CDCl3,7.26,250.131544655141
930,1,didH`ABHrJIJFf`@h@@,C=1(C(Cl)=CC=CC=1CO),1,OH,CDCl3,7.26,250.131544655141
933,1,didH`ABHRYWZZ@B`@@,C1(Cl)(=CC=C(C=C1)CO),1,OH,CDCl3,7.26,250.131544655141
934,1,deTHPICDZHRYV^n`BJ@@,C=1(C(=C(C)C=C(C=1)Br)O)(Cl),1,OH,CDCl3,7.26,250.131544655141
938,1,dmvD`FxPBLdTRTQrjYfj@@,S1(C(=C(N)C(C)=C1)C(=O)OC),1,NH2,CDCl3,7.26,250.131544655141
940,1,gGX@@dluUEP@,NCC(CC)C,0,NH2,CDCl3,7.26,250.131544655141
946,1,dcLDPEtIAiCHhdhbiWPAEL@@,C=1(CC(=O)O)(C=C(F)C=C(C=1)F),1,OH,DMSO,2.5,250.131544655141
950,1,dev@@@RYUTjFZj@@@@,C1(C(CC2(=C1C=CC=C2))N),1,NH2,CDCl3,7.26,250.131544655141
955,1,deTL`FxPBLdTRTnUSLu@@,S1(C=CC(O)=C1(C(=O)OC)),1,OH,CDCl3,7.26,250.131544655141
970,1,dk]@@@OIHhddXVzUjB`J`@@,C2(=CC(=CC(N1(CCCC1))=C2)CN),1,NH2,CDCl3,7.26,250.131544655141
971,1,gOu@LQdbbNmLt@@,O1(C(=NC(=C1)C)N),1,NH2,CDCl3,7.26,250.131544655141
972,1,dclD`Et@aJYU^rnf`Pah@@,S1(C=2(C=CC=CC=2(C(=C1)C(O)=O))),1,OH,DMSO,2.5,250.131544655141
973,1,fgA`B@A@qDfUmmZLEHuh@J@@`@@,C2(=CC(=CC=1(C3(=C(NC=12)C=CC=C3)))Br),1,NH,DMSO,2.5,250.131544655141
974,1,dmtLPJePqDBDfVwbZfjfP@,S1(C(=C(OC)C(C(O)=O)=C1)Br),1,OH,DMSO,2.5,250.131544655141
975,1,daGDAHI`RISdfyVyjZP@,C=1(NN=CC=1)([N+]([O-])=O),1,NH,DMSO,2.5,250.131544655141
984,1,fhiP`@JA@IJUuVYTeG^jjj@`h@@,C=2(OCCN1(CCOCC1))(C(=CC=CC=2)CN),1,NH2,CDCl3,7.26,250.131544655141
986,1,dk]@@@eJUnyr[S@HB@@@@,C1(=C(N)C=CC=C1)(C=2(C=NC=CC=2)),1,NH2,CDCl3,7.26,250.131544655141
990,1,dclB`FxY@HrQQIQHyR{SLuU@@,S2(C(C(=O)O)=C1(C(OCCO1)=C2)),1,OH,DMSO,2.5,250.131544655141
994,1,dg}D@JxKRe]eWJevjh@J`@@,C2(=C(N1(CCOCC1))N=CC=C2(CO)),1,OH,CDCl3,7.26,250.131544655141
996,1,foAP`@BL@aInU^UYrsfff`@`@@,C=1(C=CC(=CC=1)C=2(N(N=C(C=2)C(O)=O)C)),1,OH,DMSO,2.5,250.131544655141
1012,1,foAp`@EZ\AFQSQIPjI\EYsP@URd@@,N2(CC=1(C=C(C(O)=O)C=CC=1))(N=CN=C2),1,OH,DMSO,2.5,250.131544655141
1013,1,dg}D`FD{@HrQQJFHjEPkTluSR@@,N2(N=C(C=C2(C1(=CC=CS1)))C(O)=O)(C),1,OH,DMSO,2.5,250.131544655141
1017,1,dg|L@@QTfyWY^D{Z@Bfa@@,C2(C=1(C=CC(C(=O)O)=CC=1))(=CC=CO2),1,OH,DMSO,2.5,250.131544655141
1021,1,dg}L@BXDUInU^UnNvffijP@,O1(C(=CC=C1)C2(=CC(=NN2C)C(O)=O)),1,OH,DMSO,2.5,250.131544655141
1027,1,dco@@@qTie_WJxViejh@@,C=1(C(=CN2(C=CN=C2(C=1)))CNC),1,NH,CDCl3,7.26,250.131544655141
1028,1,dcnH@MCIEDhTlURmR`AP@@,C2(C=1(C=CC(N)=CC=1))(=CC=CO2),1,NH2,CDCl3,7.26,250.131544655141
1032,1,foAP@@@VRfV]}ZBUhH@@J`@@,C=2(C=CC(C1(=CC=C(C=C1)CNC))=NC=2),1,NH,CDCl3,7.26,250.131544655141
1035,1,dk^D@EADfyVuxUuh@JX`@,C=1(C=CC=2(N(C=CC=2(C=1))C))(C(=O)O),1,OH,DMSO,2.5,250.131544655141
1051,1,dgH@IVprIQIPjIMqwP@URd@@,N2(CC=1(C=C(CO)C=CC=1))(N=CN=C2),1,OH,CDCl3,7.26,250.131544655141
1054,1,dg}H@LhDeeWeZX{iih@H@@,C=2(C=CC(C=1(N(N=C(C=1)CO)C))=CC=2),1,OH,CDCl3,7.26,250.131544655141
1055,1,foAp@@@PTeLsvjxXYtuTDDH@@,C=1(C=C(C=CC=1)C2(=NN(C(=C2)CNC)C)),1,NH,CDCl3,7.26,250.131544655141
1056,1,foA`Q@IHpZpHb@QdTabRfR`eF]K@DTq@@@,C2(=CC=1(OCC(NC=1C=C2(S(Cl)(=O)=O))=O)),1,NH,Acetone,2.04,250.131544655141
1058,1,dg}D`FD{@HrQQJEIZEPsTkSST@@,N2(C(=CC(C1(=CC=CS1))=N2)C(O)=O)(C),1,OH,DMSO,2.5,250.131544655141
1059,1,fhia`@J@DGIDeddhdhRTlzjjh@J`@@,C=1(C=C(C=CC=1)CO)(OCCN2(CCOCC2)),1,OH,CDCl3,7.26,250.131544655141
1062,1,dig@@@sdiUwBZZj@@,N1(C=NC=C1(CNC))(C),1,NH,CDCl3,7.26,250.131544655141
1065,1,dk]H@NdDee[mX]N`BJT`@,C2(=CC(N1(C=CC=N1))=CC=C2)(CO),1,OH,CDCl3,7.26,250.131544655141
1067,1,dg~H@CCIEDhTldURmR`AU@@@,C2(C=1(C=CC(CNC)=CC=1))(=CC=CO2),1,NH,CDCl3,7.26,250.131544655141
1070,1,dg}H@JLDiWVUbk[jj`BH@@,C=1(C(=CC(=CC=1)CN2(CCOCC2))N),1,NH2,CDCl3,7.26,250.131544655141
1071,1,f`qQ@@JNAdbRrTRTJISQjjh@Jh@@,C=2(C=C(CN1(CCOCC1))C=CC=2)(CNC),1,NH,CDCl3,7.26,250.131544655141
1072,1,dk\L@@RTfvYWz]MjdHB@@,O1(C=2(C=CC=CC=2(C(=C1)CC(=O)O))),1,OH,DMSO,2.5,250.131544655141
1073,1,dmM@@@UJf]|fFZ`PJ@@,C1(=C2(N(C=CC2(=CC(=C1)N))C)),1,NH2,DMSO,2.5,250.131544655141
1076,1,fhiP`@JA@KIDeddhdhRTlzjjh@J`@@,C=1(C=C(C=CC=1)CN)(OCCN2(CCOCC2)),1,NH2,CDCl3,7.26,250.131544655141
1078,1,dg@@@p|dTRbfVMBnaAQUQ@@,N2(C1(=C(C=CC=N1)CNC))(CCCC2),1,NH,CDCl3,7.26,250.131544655141
1079,1,dg}@@@MJeWmZnvzjh@b@@,C2(CCCN(CC1(=CC=CC(=C1)N))C2),1,NH2,CDCl3,7.26,250.131544655141
1080,1,dg}@@@mJeWm^ntzjh@J@@,C=2(C=C(CN1(CCCCC1))C=CC=2N),1,NH2,CDCl3,7.26,250.131544655141
1083,1,dcnL@HCiReem\i]iffjP@,C=2(C=C(C1(=CC=CO1))ON=2)(CO),1,OH,CDCl3,7.26,250.131544655141
1084,1,dco@@@iTifUWJGYB`h`@@,C1(=CC=C2(N(C(=NC2(=C1))CN)C)),1,NH2,CDCl3,7.26,250.131544655141
1086,1,dcm@@@WIHhddXwSmPTDP@@,C=1(C=C(N)C=CC=1)(N2(CCCC2)),1,NH2,CDCl3,7.26,250.131544655141
1091,1,dieH@LDLdTTNrjYj`@,O1(C(C)=NC(=C1(C))CN),1,NH2,CDCl3,7.26,250.131544655141
1093,1,dclD@@uJYU_rnf`Pbh@@,O1(C=2(C=CC=CC=2(C(=C1)CCO))),1,OH,CDCl3,7.26,250.131544655141
1103,1,foAQ@@J\AdRbbatRUNV]TmT@D@@@,N2(C1(=CC=CC=C1))(N=C(C(=C2C)CO)C),1,OH,CDCl3,7.26,250.131544655141
1104,1,dk^@`C@HRe^UwBeZV@Bh@@,C1(=CC(=CS1)C2(=CC=C(C=C2)CN)),1,NH2,CDCl3,7.26,250.131544655141
1106,1,foA@`@@VRfYeUyFtz`@`B@@@,C=2(C=C(C(OC1(=CC=CC=C1))=CC=2)CO),1,OH,CDCl3,7.26,250.131544655141
1111,1,dk^H@CCIEEHhjbi]hJbB`@@,C2(=CC=CC=1(CC(OC=12)(C)C))(CN),1,NH2,CDCl3,7.26,250.131544655141
1112,1,dcNDpDWPbJdNbLbbTTjcC@QDp@@,C=1(C(=NC(=C(C=1)F)Cl)Cl)(C(=O)O),1,OH,DMSO,2.5,250.131544655141
1114,1,foAP`@AFAcIEEDUDebTlziZ``H@@,O2(C(=CC=C2(OC1(=CN=CC=C1)))CNC),1,NH,CDCl3,7.26,250.131544655141
1117,1,dig@@@`\dTTUrijjP@,N1(N=C(C)C=C1(CN))(C),1,NH2,CDCl3,7.26,250.131544655141
1119,1,dk_@@@bTif]UrevZhHH@@,C12(=CC=CC=C2(N(N=C1(CNC))C)),1,NH,CDCl3,7.26,250.131544655141
1120,1,foAQ@@JVAdbRrbRaQJJuUT@ET@@@,C1(COCCN1C=2(C=CC=C(C=2)CNC)),1,NH,CDCl3,7.26,250.131544655141
1123,1,gOtHEQVILj[Ru@@,N1(C(=NC(=C1)I)C),1,NH,DMSO,2.5,250.131544655141
1127,1,dk]@@@uJf]}RXYjA@j`@@,C=2(C=C(C=C1(C=CN(C1=2)C))CNC),1,NH,CDCl3,7.26,250.131544655141
1137,1,dk_H@NdpRVUnuatz@HiR@@,C2(=CC(=CC(N1(C=NC=N1))=C2)CO),1,OH,CDCl3,7.26,250.131544655141
1140,1,dg}H@ILDee]YVx{h@JiR@@,C1(=CC(=CC=C1CN2(C=NC=C2))CO),1,OH,CDCl3,7.26,250.131544655141
1145,1,dk]D@FDCrQQJFHhjEZefji@@,N2(N=C(C=C2(C1(=CC=CO1)))CO)(C),1,OH,CDCl3,7.26,250.131544655141
1153,1,fhiPc@JL|DD`bPqHYEHXeDddipUgUSUA@p@@@,C=2(C=C1(N=C(N(CC(O)=O)C1=CC=2)C(F)(F)F)),1,OH,DMSO,2.5,250.131544655141
1154,1,flePc@JLbdD`bPqHYEHXeDddbipUgUSUAAS@@@,C=2(C=C1(N=C(C(F)(F)F)N(CCCC(O)=O)C1=CC=2)),1,OH,DMSO,2.5,250.131544655141
1164,1,dgH@JzprQIYQIPeR{UT@EP@@,C1(=CC(=NC(=C1)N2(CCOCC2))CN),1,NH2,CDCl3,7.26,250.131544655141
1167,1,dk^D@IADfyegEYuhBHX`@,C=2(C1(=C(C=CN1C)C(C(O)=O)=CC=2)),1,OH,DMSO,2.5,250.131544655141
1180,1,foAQ@@JN@eJzsJdhZuUTAAP@@,C=1(C(=C(C=CC=1)CN2(CCOCC2))CN),1,NH2,CDCl3,7.26,250.131544655141
1181,1,foAA`@@HXdwL|klEYsSTa@P@@,O1(C(C)=CC(=C1C=2(C=CC=CC=2))C(=O)O),1,OH,DMSO,2.5,250.131544655141
1185,1,f`qa@@G@RfYU_tVeFh@@@j@@@,C=1(C=C(C=CC=1)OC2(=CC=C(C=C2)CNC)),1,NH,CDCl3,7.26,250.131544655141
1188,1,dg}@@@OIHhdd\dwRmPTAU@@@,C=2(N1(CCCC1))(C=CC(CNC)=CC=2),1,NH,CDCl3,7.26,250.131544655141
1191,1,dg|`@@bcrQQJEJEETkMP@UH@@,C2(=CC(=CC(N1(N=CN=C1))=C2)CNC),1,NH,CDCl3,7.26,250.131544655141
1193,1,dg~@`C@HrQQJEJEETkTh@UP@@,S1(C(=CC=C1)C2(=CC=CC(=C2)CNC)),1,NH,CDCl3,7.26,250.131544655141
1195,1,dg~H@CCIEDhThTURmR`AU@@@,O1(C(=CC=C1)C=2(C=C(C=CC=2)CNC)),1,NH,CDCl3,7.26,250.131544655141
1201,1,dcn@`E@HRe^UlJ]iX@b@@,S2(C=C(C1(=CC(=CC=C1)N))C=C2),1,NH2,CDCl3,7.26,250.131544655141
1208,1,dcMD`HHY@HReg{\jfZZh@@,S1(C(=C(C(OCC)=O)C(=N1)C)N),1,NH2,DMSO,2.5,250.131544655141
1211,1,dk^H@CCIEDhThRjUjT@J`@@,C2(C=1(C=C(C=CC=1)CN))(=CC=CO2),1,NH2,CDCl3,7.26,250.131544655141
1212,1,dg|L@@RTfyegQt{ZBBRa@@,C=2(C1(=CC=CO1))(C(C(O)=O)=CC=CC=2),1,OH,DMSO,2.5,250.131544655141
1215,1,dmNH@AAIYegiEV@bD`@,C=1(C=O)(C2(=C(C=CC=1)NC=C2)),1,NH,DMSO,2.5,250.131544655141
1217,1,dk^@`C@HrQQJEJDjeZe@Bh@@,S1(C(=CC=C1)C2(=CC=CC(=C2)CN)),1,NH2,CDCl3,7.26,250.131544655141
1220,1,dg|D`Cl@aJUyV{BgZV@HZ@@,S1(C=C(C=C1)C=2(C=C(C=CC=2)C(O)=O)),1,OH,DMSO,2.5,250.131544655141
1225,1,f`qa`@M@QIInUue^B]yh@J@@@@@,C=2(C=NC(OC1(=CC=C(C=C1)C(=O)O))=CC=2),1,OH,DMSO,2.5,250.131544655141
1227,1,dg|D@@OIEEEDTdU[]RpPQ@@@,O1(C(=CC(=C1C=2(C=CC=CC=2))CO)C),1,OH,CDCl3,7.26,250.131544655141
1232,1,dk\`@@rSrQQQQEZitp`jJb@@,C2(=C(N=C(N1(CCNCC1))C=N2)C),1,NH,CDCl3,7.26,250.131544655141
1234,1,fbmPB@LJ@DYHhihddhed\TLENZY`h@`B@@@,C=1(C=C(C=CC=1)C3(=C(SC(C2(=CC=CC=C2))=N3)CNC)),1,NH,CDCl3,7.26,250.131544655141
1236,1,foAP`@EZ@aInUuexJsf`@jeH@@,C=2(C(CN1(C=CC=N1))=CC=C(C(=O)O)C=2),1,OH,DMSO,2.5,250.131544655141
1242,1,dk^H@CCIEDhXdbi]jTBB`@@,C=2(C1(=CC=CO1))(C(CN)=CC=CC=2),1,NH2,CDCl3,7.26,250.131544655141
1246,1,dg}@@@oIHdcDedUKmUP@U@@@,C=1(C(=CC=C(CN)C=1)CN2(CCCC2)),1,NH2,CDCl3,7.26,250.131544655141
1247,1,dk_@@@i\dTTRRQravPhJJ@@,C2(=CC=CC=1(N=C(N(C=12)C)CNC)),1,NH,CDCl3,7.26,250.131544655141
1248,1,dk]@@@wIEDhlTjxY@@@j@@@,C1(=CN=C2(C=CC(=CC2(=C1))CNC)),1,NH,CDCl3,7.26,250.131544655141
1249,1,dmO@@@qTie_\kaZfVj@@,C=1(C(=CN2(C=CN=C2(C=1)))CN),1,NH2,CDCl3,7.26,250.131544655141
1250,1,dg@@@WTjYU^~VSjB`hh@@,C=2(C=CC(N1(CCN(CC1)C))=CC=2N),1,NH2,CDCl3,7.26,250.131544655141
1253,1,dk_@@@p|dTRbrQhYTHJJh`@,C2(=CN=C(N1(CCCC1))C=C2(CN)),1,NH2,CDCl3,7.26,250.131544655141
1256,1,dif@`F@HRf]\jfZh@@,S1(C=C(C)C=C1(CNC)),1,NH,CDCl3,7.26,250.131544655141
1257,1,f`qP`@FZ@cHideEEDcKSoMUTC@P@@,C=2(C=C1(N=C(N(C1=CC=2)CCCC(O)=O)C)),1,OH,DMSO,2.5,250.131544655141
1259,1,foAq@@J\lCIDeeDeBbTUjjh@Jh@@,C=1(C=CC(=NC=1CNC)N2(CCOCC2)),1,NH,CDCl3,7.26,250.131544655141
1263,1,dcnH@ECIEDhThUSmR`DP@@,C2(C=1(C=C(C=CC=1)N))(=CC=CO2),1,NH2,CDCl3,7.26,250.131544655141
1265,1,dk]@@@OIHhdhbfy]jBbB`@@,C1(=CC=CC=C1(CN))(N2(CCCC2)),1,NH2,CDCl3,7.26,250.131544655141
1280,1,daFH@NCIEDceTsT@@,O1(C(C)=C(C=C1)CN),1,NH2,CDCl3,7.26,250.131544655141
1281,1,dg~H@ICHeDeBhdwG]@AUTP@@,C(N1(CCCC1))C=2(C=C(C=CC=2)CO),1,OH,CDCl3,7.26,250.131544655141
1282,1,dg}@@@oIHdcDeBUKmUP@U@@@,C(N1(CCCC1))C=2(C=C(CN)C=CC=2),1,NH2,CDCl3,7.26,250.131544655141
1284,1,dk_@@@`tigyWrevZh@I@@,C=2(C(CN1(C=CC=N1))=CC=C(N)C=2),1,NH2,CDCl3,7.26,250.131544655141
1285,1,f`qa@@G@rQQQIISGBtju@@@QP@@@,C=1(C=C(C=CC=1)OC2(=CC=CC(=C2)CNC)),1,NH,CDCl3,7.26,250.131544655141
1290,1,foA``@L@]dbbbRRqPmJMP@@AP@@@,C=1(C=NC(=CC=1)OC2(=CC=C(C=C2)CO)),1,OH,CDCl3,7.26,250.131544655141
1292,1,dkmH@FdDiee~EZB`b`@@,C=1(C=CC=CC=1OCCN(C)C)(N),1,NH2,CDCl3,7.26,250.131544655141
1299,1,dk^@`C@HrQIZIJGBeZV@Bh@@,S1(C=CC(=C1)C=2(C=C(C=CC=2)CN)),1,NH2,CDCl3,7.26,250.131544655141
1300,1,digH@J[`RVYZyfih@@,N1(N=CC(C=O)=C1(N))(C),1,NH2,DMSO,2.5,250.131544655141
1301,1,foA`b@JBd@HrQQQJFEKEKNiff@B@@@,C=2(C=C(C1(=C(C(O)=O)SC(C)=N1))C=CC=2),1,OH,DMSO,2.5,250.131544655141
1303,1,dk^H`Ix@cIEEEBdbi]jVfjd@@,S2(C(=CC=C2(C=1(OC=CC=1)))CNC),1,NH,CDCl3,7.26,250.131544655141
1307,1,foA@P@@HHIInUvUYrsfij`@P@@,O1(C(=CC=C1OC2(=CC=CC=C2))C(=O)O),1,OH,DMSO,2.5,250.131544655141
1308,1,foAqB@JLTPDQdTTTqTRSAV]AAD@@@@@,C2(C1(=CC=CC=N1))(=NC(=C(Cl)C(=N2)O)C),1,OH,DMSO,2.5,250.131544655141
1315,1,dcnH@NAIYVyXYv`BJa@@,C=1(C(=CC=2(N(C=CC=2(C=1))C))CO),1,OH,CDCl3,7.26,250.131544655141
1317,1,dk]@@@uJf]wRXYjA@j`@@,C1(=C(CNC)C=C2(N(C=CC2(=C1))C)),1,NH,CDCl3,7.26,250.131544655141
1318,1,dk^H@JAIYeg^WShHJJH@@,C1(=CC=CC=C1(CO))(N2(CCCC2)),1,OH,CDCl3,7.26,250.131544655141
1319,1,dcm@@@GIHhdhjwKmPU@P@@,N1(CCCC1)(C=2(C=CC=CC=2N)),1,NH2,CDCl3,7.26,250.131544655141
1320,1,dg}@@@OIHhdhbbwKmPTPU@@@,N1(CCCC1)(C=2(C=CC=CC=2CNC)),1,NH,CDCl3,7.26,250.131544655141
1322,1,dcnH@AAIYegzQV`Hab@@,C=2(C1(=C(C=CN1C)C(CO)=CC=2)),1,OH,CDCl3,7.26,250.131544655141
1325,1,f`qQ@@LNAdbbbRRqREiQj@@@J`@@,C=2(C=NC(OC1(=CC=C(C=C1)CNC))=CC=2),1,NH,CDCl3,7.26,250.131544655141
1327,1,dkmH@ALDieUyzZBBJ`@@,C=1(C=C(C=CC=1(OCCN(C)C))N),1,NH2,CDCl3,7.26,250.131544655141
1330,1,dmM@`JT@cIEEDblhYhF@h@@,C=1(C(N)=CC2(=C(C=1)N=C(S2)C)),1,NH2,CDCl3,7.26,250.131544655141
1332,1,foAp@@@PleLJzxhkTuP@UH@@,C=2(C(CN1(C=CC=N1))=CC=C(CNC)C=2),1,NH,CDCl3,7.26,250.131544655141
1333,1,dk_@@@cTigyVreNZh@a@@,C=2(C(CN1(C=CC=N1))=CC(N)=CC=2),1,NH2,CDCl3,7.26,250.131544655141
1334,1,foAp@@@PmdbbvbRaVJJuMT@ER@@@,C2(=CC=C(CNC)C=C2(CN1(C=CC=N1))),1,NH,CDCl3,7.26,250.131544655141
1341,1,foAa@@C@rQQQQEIXeMVjVBBJ@@@,O1(C(C)=CC(=C1C=2(C=CC=CC=2))CNC),1,NH,CDCl3,7.26,250.131544655141
1344,1,dk\BPJe]CDPHRYYUdfdzZjff@@,S2(C(C(O)=O)=C1(C(OCCO1)=C2(Br))),1,OH,DMSO,2.5,250.131544655141
1346,1,f`qa@@O@RfUYywbkNhH@BB@@@,C(OC1(=CC=CC=C1))C2(=C(CN)C=CC=C2),1,NH2,CDCl3,7.26,250.131544655141
1354,1,dg~D`MrpqDenUmqgSi`@jR@@,C=1(C=CC=2(NC(CC=2(C=1))=O))(C(CBr)=O),1,NH,DMSO,2.5,250.131544655141
1355,1,f`q@`@@^RfUYywbkNhH@BB@@@,C(OC1(=CC=CC=C1))C2(=C(CO)C=CC=C2),1,OH,CDCl3,7.26,250.131544655141
1356,1,f`qp@@@J|eSJjo|cJuTEAQTP@@,C=1(C=CC(CN)=CC=1)(N2(CCCN(CC2)C)),1,NH2,CDCl3,7.26,250.131544655141
1357,1,dmNH`ED@cIEDeh\kaifjjab@@,S1(C2(=C(C=C1)C(OCC2)CN)),1,NH2,CDCl3,7.26,250.131544655141
1358,1,fhypB@FZBBHRYVu^UirRoA`@@Jj``@@,C2=3(C(N1(CCNCC1))=CC=NC2=CC(Cl)=CC=3),1,NH,CDCl3,7.26,250.131544655141
1361,1,dg~H`JD@cIEEDcLeeG]Lu@A@@@,C=1(C=C(C=CC=1)C2(=C(CO)SC(C)=N2)),1,OH,CDCl3,7.26,250.131544655141
1363,1,dcO@@@KTeUYU]zj@@@@,N#CCCNCC1(=CC=NC=C1),1,NH,CDCl3,7.26,250.131544655141
1369,1,dcm@@@uJf]wIafhDBh@@,C=1(C(=CC=2(N(C=CC=2(C=1))C))CN),1,NH2,CDCl3,7.26,250.131544655141
1377,1,dk^DPEjPqDBDfVUWIivfjji`@,S2(C(=C1(C(OCCO1)=C2(CNC)))Br),1,NH,CDCl3,7.26,250.131544655141
1380,1,dmvHpEhIAICICHiCDenFjfjP@,O1(C(=CC=C1(C(F)(F)F))CN),1,NH2,CDCl3,7.26,250.131544655141
1384,1,dk^D@AADfyVyzUMh@bhP@,C=1(C(C(O)=O)=CC=2(N(C=CC=2(C=1))C)),1,OH,DMSO,2.5,250.131544655141
1386,1,dg|L@@QTfyV{^d{Z@Hfa@@,C1(=C(OC=C1)C=2(C=CC=C(C=2)C(=O)O)),1,OH,DMSO,2.5,250.131544655141
1387,1,foAPA@IVADBBDfUnwVgEZ`BIjhP@@,C=2(Cl)(C=C(C=1(SC=C(N=1)CNC))C=CC=2),1,NH,CDCl3,7.26,250.131544655141
1388,1,dk\L`NePBDif[mImNifVjP@,C(=O)(O)C=1(SC(=CC=1)C2(=CC=CO2)),1,OH,DMSO,2.5,250.131544655141
1393,1,f`qa@@K@rQQQQIIXrMiu@A@DP@@@,C=1(C(=CC=CC=1)OC2(=C(C=CC=C2)CNC)),1,NH,CDCl3,7.26,250.131544655141
1396,1,dieH`DpPBDf[WaZjj@@,C1(OCCN(C1)C(N)=S),0,NH2,DMSO,2.5,250.131544655141
1400,1,dk]@`LL@cIEEidh\jUid@J`@@,C1(=NC=CS1)(C=2(C=C(CN)C=CC=2)),1,NH2,CDCl3,7.26,250.131544655141
1403,1,foAQ`@EF@bVQSQQJKHbtZsPPRUB@@,C=2(C=1(C(C(O)=O)=CC=CC=1))(ON=C(N=2)C),1,OH,DMSO,2.5,250.131544655141
1404,1,dg}H@LLDifUWau[h@@B@@@,C=2(C=CC(OC1(=CC(=CC=C1)N))=NC=2),1,NH2,DMSO,2.5,250.131544655141
1409,1,dg@@@b|dTVtRTNTnsU@AR@@,C(N1(C=CC=N1))C=2(C=C(C=CC=2)CN),1,NH2,CDCl3,7.26,250.131544655141
1415,1,foAQ`@MF@aRS\klopQkM@ASTH@@,C=1(C=C(C(O)=O)C=CC=1C2(=NC(=NO2)C)),1,OH,DMSO,2.5,250.131544655141
1417,1,dcLL`NGPdLbbbTUSSA@qH@@,C1(=CC=C(C=O)C=C1(C(O)=O))(F),1,OH,DMSO,2.5,250.131544655141
1422,1,f`qa`@M@PIInUoe^R]yh@b@@@@@,C=2(C=CC(OC1(=CC(=CC=C1)C(O)=O))=NC=2),1,OH,DMSO,2.5,250.131544655141
1428,1,foAP@@@VrRIHqIYHeEZjj@Bj@@@,C=1(C(=CC=C(CNC)C=1)CN2(CCCC2)),1,NH,CDCl3,7.26,250.131544655141
1431,1,f`qp`@AJlABS\klk\EYsUUP@T@@@,C=2(N=CC(N1(CCC(CC1)C(=O)O))=NC=2C),1,OH,DMSO,2.5,250.131544655141
1437,1,dg~D`FNpBLdTRaRraUJuJ@Dt@@,S1(C(=CC=C1)C2(=NC=C(C=C2)C(O)=O)),1,OH,DMSO,2.5,250.131544655141
1439,1,dcm@@@uJf]}IafhDBh@@,C=1(C=CC=2(N(C=CC=2(C=1))C))(CN),1,NH2,CDCl3,7.26,250.131544655141
1443,1,dg}H@NDLbTRTLRS\]t@EUQ@@,C=2(C(=CC(N1(CCCCC1))=NC=2)CO),1,OH,CDCl3,7.26,250.131544655141
1445,1,fhip@@@J|eSJjo{HrmUAPTUQ@@@,C=1(C=CC(CNC)=CC=1)(N2(CCN(CCC2)C)),1,NH,CDCl3,7.26,250.131544655141
1448,1,foAp`@EZ\AFQSQQIFIBeYsPDERd@@,N1(C=NC=N1)(CC=2(C=CC=CC=2C(=O)O)),1,OH,DMSO,2.5,250.131544655141
1456,1,deUD`B[aCDRYgdfiZZ`@,N1(C=C(C(C(O)=O)=N1)Br)(C),1,OH,DMSO,2.5,250.131544655141
1460,1,deU@`BDICHhhdbwPDE@@@,C=1(C=C(F)C(CNC)=NC=1),1,NH,CDCl3,7.26,250.131544655141
1462,1,dg}@`LL@cIEEidhUeRmL`AU@@@,C1(=NC=CS1)(C=2(C=C(CNC)C=CC=2)),1,NH,CDCl3,7.26,250.131544655141
1468,1,foAq@@HDlAJV^uupQVjV`@j`@@,N1(=C(ON=C1C)C=2(C=CC(CNC)=CC=2)),1,NH,CDCl3,7.26,250.131544655141
1469,1,dg}H`LfpBLdTTTJRQUmuKUUU@@,S1(C(=CC=C1CNC)N2(CCOCC2)),1,NH,CDCl3,7.26,250.131544655141
1473,1,fhiA`@@HUdTtRTJTRWA^Bt@EP@@@@,C=1(C(=CC(C(O)=O)=CC=1)COC=2(C=CC=CC=2)),1,OH,DMSO,2.5,250.131544655141
1474,1,f`qa@@O@rQQIJKKP|TZuA@@AP@@@,C=1(C(=CC(CN)=CC=1)COC=2(C=CC=CC=2)),1,NH2,CDCl3,7.26,250.131544655141
1478,1,f`qQ@@LNAdbbbRRtjEiQj@@@J`@@,C=1(C=CC(=NC=1)OC2(=CC(=CC=C2)CNC)),1,NH,CDCl3,7.26,250.131544655141
1486,1,f`q@`@@^rQQIJKKP|TZuA@@AP@@@,C=1(C(=CC(CO)=CC=1)COC=2(C=CC=CC=2)),1,OH,CDCl3,7.26,250.131544655141
1487,1,dcnH@ACIEEHhfUKmAU@P@@,C=2(C1(=C(CC(O1)(C)C)C=CC=2))(N),1,NH2,CDCl3,7.26,250.131544655141
1491,1,difH`BDLQIe]ih@J@@,C=1(C=CC(=NC=1)CO)(Br),1,OH,CDCl3,7.26,250.131544655141
1493,1,foAH@@@Pi[IEEmEDd\TtZZhBBd@@,N2(CC=1(C=CC=CC=1CNC))(N=CN=C2),1,NH,CDCl3,7.26,250.131544655141
1499,1,die@`LD@cIEDTljfZh@@,S1(C(C)=NC(CCN)=C1),1,NH2,CDCl3,7.26,250.131544655141
1504,1,fhia@@O@rQQIJKKPkbcVhH@@J`@@,C=1(C(=CC(CNC)=CC=1)COC2(=CC=CC=C2)),1,NH,CDCl3,7.26,250.131544655141
1506,1,dg@`JzpBDiWYUri]jj@Bh@@,C=2(C(=CC(N1(CCSCC1))=NC=2)CN),1,NH2,CDCl3,7.26,250.131544655141
1509,1,fleQC@MFRBPQHXdLbdLRTrTRVEJJZh@Jjjb@@,C=2(C(N1(CCOCC1))=C(C=C(C=2)C(F)(F)F)CNC),1,NH,CDCl3,7.26,250.131544655141
1510,1,dg}@@@MJYYUvavp`@``@@,C=2(C=C(C1(=NC=C(C=C1)CN))C=CC=2),1,NH2,CDCl3,7.26,250.131544655141
1521,1,dieH@HxLdRbJpjVj`@,O1(N=C(C=C1(C))CNC),1,NH,CDCl3,7.26,250.131544655141
1522,1,dk]@`LL@aJY{W\jUid@J`@@,C2(=C(C=CC(C1(=NC=CS1))=C2)CN),1,NH2,CDCl3,7.26,250.131544655141
1523,1,dcnH@IAIYVu[iV`@ib@@,C=1(C=CC=2(N(C=CC=2(C=1))C))(CO),1,OH,CDCl3,7.26,250.131544655141
1527,1,daDHPNCDPHrJIPeUMT`@,S1(C(=C(C=C1)CO)Br),1,OH,CDCl3,7.26,250.131544655141
1530,1,fleac@MFldD`bPqHYEHXdieEBdJTTuP@TuUD@@,C=2(C(N1(CCOCC1))=C(C=C(C=2)C(F)(F)F)C(O)=O),1,OH,DMSO,2.5,250.131544655141
1532,1,dg@@@b|dTTLrTNLnsU@AR@@,N1(N=C(C=C1)C2(=CC=CC(=C2)CN))(C),1,NH2,CDCl3,7.26,250.131544655141
1546,1,die@`Lx@cIEDTljfZh@@,S1(C(C)=NC(CNC)=C1),1,NH,CDCl3,7.26,250.131544655141
1548,1,dk]@@@gIEDhddZGSB@B@@@@,C2(=CC=CC(C1(=NC=C(C=C1)N))=C2),1,NH2,CDCl3,7.26,250.131544655141
1552,1,dif@PNCDPHrJIPhjiji@@,S1(C(=C(CNC)C=C1)Br),1,NH,CDCl3,7.26,250.131544655141
1558,1,dk_@@@qTifYuj]LHJbh`@,C2(=CC(=NC(N1(CCCC1))=C2)CN),1,NH2,CDCl3,7.26,250.131544655141
1564,1,dg~D`LNpBDigm[lj]id@ah@@,C1(=NC=CS1)(C=2(C=C(C(=O)O)C=CC=2)),1,OH,DMSO,2.5,250.131544655141
1574,1,f`qp@@@Z\eSJrjzkZMTEDTTP@@,C=1(C(=CC=CC=1)CN)(N2(CCCN(CC2)C)),1,NH2,CDCl3,7.26,250.131544655141
1576,1,foAP`@EF@aInUnuyHuf`BFfH@@,N1(N=C(C=C1)C2(=CC=CC(=C2)C(O)=O))(C),1,OH,DMSO,2.5,250.131544655141
1581,1,deU@`BDLQIe]ZZ@Bh@@,C=1(C=CC(=NC=1)CNC)(Br),1,NH,CDCl3,7.26,250.131544655141
1584,1,f`qpC@JR|BPQHXdLbdLRTtrPeN}U@DUTP@@,C2(N1(CCNCC1))(=NC(=CC=C2)C(F)(F)F),1,NH,CDCl3,7.26,250.131544655141
1593,1,fjm@P@@LrUIfYUgW^eXJV`hHBBFBFJ@@,C(OCCC(=O)O)(C1(=CC=CC=C1))C(C=2(C=CC=CC=2))=O,1,OH,DMSO,2.5,250.131544655141
1595,1,f`q``@G@YdbRrTTRQIPujjhBBh@@,C1(CC(CCO1)OC2(=CC=CC=C2CNC)),1,NH,CDCl3,7.26,250.131544655141
1597,1,do}H@E\DieUugihHHjh@@,C=1(C=C(C=CC=1OCCCN(C)C)CN),1,NH2,CDCl3,7.26,250.131544655141
1600,1,dk_@@@c\dTTLrTqeNZh@a@@,C2(C=1(C=CN(N=1)C))(=CC(=CC=C2)N),1,NH2,CDCl3,7.26,250.131544655141
1602,1,foAP@@@FRfVU]zBuXH@HH`@@,C=1(C=C(C=CC=1)C2(=NC=C(C=C2)CNC)),1,NH,CDCl3,7.26,250.131544655141
1611,1,daE@`Lx@cIEDUeTsT@@,S1(C=C(N=C1C)CN),1,NH2,CDCl3,7.26,250.131544655141
1615,1,dg@@@r|dTRLRTNTnmS@AT@@,N1(C(=NC=C1)C)(C2(=CC=CC(=C2)CN)),1,NH2,CDCl3,7.26,250.131544655141
1616,1,dcNB@JAAwHheDdTLmSTu@@,C(C=1(ON=C(C=1)C(OCC)=O))O,1,OH,CDCl3,7.26,250.131544655141
1625,1,dmuH@FTDiWfRjjjj`@,C1(N(C)C)(CCOCC1)(CN),0,NH2,CDCl3,7.26,250.131544655141
1632,1,deU@`DDHaIeWZZ@Bh@@,C=1(C(=CC(=NC=1)Cl)CNC),1,NH,CDCl3,7.26,250.131544655141
1636,1,dg}@`FL@cIEDhTldURmR`AU@@@,S1(C(=CC=C1)C2(=NC=C(C=C2)CNC)),1,NH,CDCl3,7.26,250.131544655141
1648,1,foA``@G@XeJzrndihuUT@EP@@,C=1(C=CC(=CC=1)CN)(OC2(CCOCC2)),1,NH2,CDCl3,7.26,250.131544655141
1651,1,dg}H@ITDee]eVx{h@H@@@@,C=2(C=NC(C1(=CC=C(C=C1)CO))=NC=2),1,OH,CDCl3,7.26,250.131544655141
1656,1,do}H@MLDieUo[ihHHjh@@,C=1(C(=CC=CC=1OCCCN(C)C)CN),1,NH2,CDCl3,7.26,250.131544655141
1658,1,dk_H@FxprQQJKIFnFZBHJh@@,N2(=CC(=CC=1(OCCN(C=12)C))CN),1,NH2,CDCl3,7.26,250.131544655141
1659,1,do~D@EAtieUugihHHjh@@,C=1(C=C(C=CC=1OCCCN(C)C)CO),1,OH,CDCl3,7.26,250.131544655141
1662,1,do}H@MLLdTRbRVLEZBHbj@@,C=1(C=CC=CC=1OCCCN(C)C)(CN),1,NH2,CDCl3,7.26,250.131544655141
1665,1,dg}L@FTDeInUU[atv`@jh`@,N2(=CC(=CC=1(OCCN(C=12)C))C(O)=O),1,OH,DMSO,2.5,250.131544655141
1676,1,f`q``@G@XeJzrniJZMUU@AU@@@,C1(C(CCOC1)OC=2(C=CC(=CC=2)CNC)),1,NH,CDCl3,7.26,250.131544655141
1680,1,f`qp@@@\\eRjl{wAV}UUPPQ@@@,C=1(C(=CC=CC=1N)CN2(CCCN(CC2)C)),1,NH2,CDCl3,7.26,250.131544655141
1681,1,foAp@@@XmdbbRaRrUFJtA@@EP@@@,C=1(C=NC(=NC=1)C2(=CC=C(C=C2)CNC)),1,NH,CDCl3,7.26,250.131544655141
1688,1,dk_@@@s\dTRLRTreMjX@b@@,N1(C(=NC=C1)C)(C2(=CC=CC(=C2)N)),1,NH2,CDCl3,7.26,250.131544655141
1689,1,dk_@@@p|dTRLRVreujX@J@@,N1(C(=NC=C1)C)(C2(=CC=C(C=C2)N)),1,NH2,CDCl3,7.26,250.131544655141
1693,1,dclDpAdH``aPaIf[eIevZfZZ@@,S1(C=2(SC(C(O)=O)=C(C=2(C=C1))Cl)),1,OH,DMSO,2.5,250.131544655141
1694,1,dk_@@@`|dTTLrVqevZh@I@@,C1(=CC=C(C=C1)N)(C=2(C=CN(N=2)C)),1,NH2,CDCl3,7.26,250.131544655141
1696,1,dg@@@r|dTRTJTMLn`P@AP@@,C=2(C=NC(C1(=CC=CC(=C1)CN))=NC=2),1,NH2,CDCl3,7.26,250.131544655141
1716,1,dg}H`JzpBDiWYUri]jj@Bh@@,C=2(C(=CC(N1(CCSCC1))=NC=2)CO),1,OH,CDCl3,7.26,250.131544655141
1717,1,dg]H@FtDieeaV`hHj@@,C=1(C=CC=CC=1(OCCCN(C)C))(N),1,NH2,CDCl3,7.26,250.131544655141
1720,1,foApB@J\l@HRe]eWRTUjjh@Jh@@,C=1(C(=CC(=NC=1)N2(CCSCC2))CNC),1,NH,CDCl3,7.26,250.131544655141
1722,1,foAp@@@XmdbbRaRaUFJtA@@EP@@@,C=1(C=NC(=NC=1)C2(=CC=CC(=C2)CNC)),1,NH,CDCl3,7.26,250.131544655141
1723,1,foAq@@HDlCIDhmMDd\DtZehBBh@@,N1(=C(ON=C1C)C=2(C(CNC)=CC=CC=2)),1,NH,CDCl3,7.26,250.131544655141
1727,1,difH@NCIEDbljfZh@@,O1(C=CC(CNC)=C1(C)),1,NH,CDCl3,7.26,250.131544655141
1731,1,foAq@@LB\CIEEDdeMQZUZ`@@H`@@,C=1(C(C)=NC(=CN=1)OC2(=CC=C(C=C2)N)),1,NH2,CDCl3,7.26,250.131544655141
1737,1,didL`DxPqDfVxfijY@@,C=1(OC=CC=1C(O)=O)(Br),1,OH,DMSO,2.5,250.131544655141
1744,1,dk\B`NFU@HrQQISPkJtzYfjj@@,C1(OC(OC1)C2(=C(SC=C2)C(=O)O)),1,OH,DMSO,2.5,250.131544655141
1750,1,dk_@@@c\dTRLRTreNZh@a@@,C=2(C1(=CC=CC(=C1)N))(N(N=CC=2)C),1,NH2,CDCl3,7.26,250.131544655141
1753,1,deU@`BDLQIeWZZ@Bh@@,C=1(C=C(CNC)C=NC=1)(Br),1,NH,CDCl3,7.26,250.131544655141
1756,1,dk]D@FxCrQQJKIFnFZBHJh@@,N2(=CC(=CC=1(OCCN(C=12)C))CO),1,OH,CDCl3,7.26,250.131544655141
1759,1,daEH@LhDefZzijP@,N1(C(CO)=CC=N1)(C),1,OH,CDCl3,7.26,250.131544655141
1760,1,fhiQ`@MN@`RS\k_JwIN|t@Q@A@@@,C=2(C(=NC(OC1(=CC=CC(=C1)C(O)=O))=CN=2)C),1,OH,DMSO,2.5,250.131544655141
1766,1,fhip@@@\CddRRRbrtOAV]UUPPEP@@,C=1(C(=CC=CC=1CN)CN2(CCCN(CC2)C)),1,NH2,CDCl3,7.26,250.131544655141
1775,1,dgH@FxprQQJKIEUpsPQAUP@@,N2(=CC(=CC=1(OCCN(C=12)C))CNC),1,NH,CDCl3,7.26,250.131544655141
1777,1,fhiq@@LB|CIEEDdeMFaZUZ`@@Hj@@@,C=2(C(=NC(OC1(=CC=CC(=C1)CNC))=CN=2)C),1,NH,CDCl3,7.26,250.131544655141
1783,1,fdyPC@NQAHHdLRFQRFIKJIKHTg^j`@`@h@@@,C=2(C1(=NC=C(C=C1)C(F)(F)F))(C=CC(=CC=2)CN),1,NH2,CDCl3,7.26,250.131544655141
3,0,dg^@hNBHFHvPNPnPrJJIJJrMLDGET@@,C1(=C(C=C(C(F)(F)F)C=C1Cl)Cl)(C#N),1,,CDCl3,7.26,250.131544655141
7,0,deVBAHABfISdfyW[fijT@@,O1(C(=CC=C1([N+]([O-])=O))C=O),1,,CDCl3,7.26,250.131544655141
8,0,gOpLAbFHhPdsM\uL@@,S1(C(=C(C=C1)Br)Cl),1,,CDCl3,7.26,250.131544655141
9,0,daDHPNCDHHRYgIijV@@,S1(C=CC(Br)=C1(C=O)),1,,CDCl3,7.26,250.131544655141
11,0,dknL@DA]rIJIJZGiV@HZ@@,C(=NC1(=CC(C(=O)OC)=CC=C1))=O,1,,CDCl3,7.26,250.131544655141
12,0,foAPb@LDhhDPdlnsJtXYuMLDDP@@,O1(N=C(CCl)N=C1C2(=CC=CC=C2OC)),1,,CDCl3,7.26,250.131544655141
13,0,fhiQ@`LDhBH]H^d@rFQJIYQIPrTYhuML@EU@@@,O1(N=C(N=C1C2(=CC(=CC=C2)C(F)(F)F))CCl),1,,CDCl3,7.26,250.131544655141
23,0,gGp`ATiWDvjjVaP@,C1(C2(C(CO1)O2)),0,,CDCl3,7.26,250.131544655141
24,0,dg]DhNeLBH`HVPvPNPrJPqQZQ]LmKUU@@,N1(N=C(C(F)(F)F)C(S(=O)(=O)Cl)=C1)(C),1,,CDCl3,7.26,250.131544655141
27,0,devH`IX@cIEDhTUCMRsT`@,S2(C(C=1(OC=NC=1))=CC=C2),1,,CDCl3,7.26,250.131544655141
30,0,deTDPNDLP`cHhhmBSSTmP@@,S1(C(=C(C=C1)Br)C(=O)OC),1,,CDCl3,7.26,250.131544655141
33,0,fle@``NB@DJdMRAiCIEEELiLhtbTbfiYjj@B@@@,S2(C(=C(C1(=CC=CC=C1))C=C2(C(=O)OC))C(F)(F)F),1,,CDCl3,7.26,250.131544655141
35,0,daE@pLHHa@chaIetjijd@@,S1(N=C(N=C1Cl)CCl),1,,CDCl3,7.26,250.131544655141
36,0,didHPA@HpHrQQQDjjVf@@,S1(C(SC)=CC=C1(C=O)),1,,CDCl3,7.26,250.131544655141
47,0,dcLHpLCDfHvHrISQIPbmL@Q@@@,C1(=CC(Cl)=C(C=C1)Cl)(C(=O)CBr),1,,CDCl3,7.26,250.131544655141
48,0,dcLHPLCDvHRVyVqff@B`@@,C=1(C=C(C)C(=CC=1)Cl)(C(=O)CBr),1,,CDCl3,7.26,250.131544655141
49,0,dcLHpDBHfPvPR[YVQVZ@H`@@,C=1(CC(=O)Cl)(C=C(F)C=C(C=1)F),1,,CDCl3,7.26,250.131544655141
53,0,dg~D@JBtefV]~T{XHJJb@@,N2(C=1(C(C=O)=CC=CC=1))(CCOCC2),1,,CDCl3,7.26,250.131544655141
55,0,daFH`LhHaIY^fiih@@,O1(N=C(C=C1C)CCl),1,,CDCl3,7.26,250.131544655141
60,0,daF@PLBHXHRVUijej@@,S1(C=C(N=C1C)CCl),1,,CDCl3,7.26,250.131544655141
62,0,dmvD`LxPBLdTQTrrjYfj@@,S1(C=C(N=C1C)C(=O)OCC),1,,CDCl3,7.26,250.131544655141
65,0,fbe@A@@IfYAJieUU]WWjhJ`jJh@@,[Sn](C=1(C=CC(=CC=1)F))(CCCC)(CCCC)CCCC,1,,CDCl3,7.26,250.131544655141
66,0,deTHHIBHPHzHFHRYYXfijiP@,S1(C(Cl)=CC(=C1(Cl))C(Cl)=O),1,,CDCl3,7.26,250.131544655141
67,0,do~BPISEtHb@cHiCEDhciNVBAb`@@,S(C1(=C(C(=O)OCC)C=CN=C1))(=O)(=O)Cl,1,,CDCl3,7.26,250.131544655141
69,0,fn}@@`@IaYBl`vPRjYUUVuzuzjBhJbjj@@@,C(C=1(C=C([Sn](CCCC)(CCCC)CCCC)C=CC=1))(F)(F)F,1,,CDCl3,7.26,250.131544655141
76,0,deVLPISNBH`HrJPqQ]LluL@@,O1(N=CC(S(Cl)(=O)=O)=C1(C)),1,,CDCl3,7.26,250.131544655141
77,0,foA`b@FHDBHrJZJJZEI`kNfej@B@@@,O2(C(=C(C(C=1(C=CC=CC=1))=N2)C(Cl)=O)C),1,,CDCl3,7.26,250.131544655141
78,0,f`qaa@NHqHDQ@HrJPqQSPi\d{tmKT@D@@@,O1(N=C(C(S(=O)(=O)Cl)=C1(C))C=2(C=CC=CC=2)),1,,CDCl3,7.26,250.131544655141
79,0,dk^H`BXJsHhhihTb[SiZ`@`@@,O1(C(=C(C(=N1)C2(=CC=CC=C2))I)C),1,,CDCl3,7.26,250.131544655141
81,0,deVD`AQ`bDfyfXYfih@@,O1(N=C(C)C(=C1(C))C(Cl)=O),1,,CDCl3,7.26,250.131544655141
82,0,difD@NBdefZnYjZ@@,O1(N=C(C(=C1(C))C=O)C),1,,CDCl3,7.26,250.131544655141
83,0,deUD@DDFRUfYaVZf`@,O1(N=C(C)C(=C1(C))N=C=O),1,,CDCl3,7.26,250.131544655141
84,0,dg\LhDs`bHBEdMdCdLbdLTVdWSKMSUP@@,O1(C(=C(S(=O)(=O)Cl)C=C1C)C(F)(F)F),1,,CDCl3,7.26,250.131544655141
85,0,dknDpAhpdDdLdLbdLRbQzZjZiT@@,O1(C(C(F)(F)F)=C(N=C=O)C=C1C),1,,CDCl3,7.26,250.131544655141
87,0,dk\LPDsPbHBLbdLRTrF]NV@Bh`@,S(Cl)(C=1(C=CC2(=C(C=1)CCO2)))(=O)=O,1,,CDCl3,7.26,250.131544655141
88,0,dcnD@DATeYVwaWU`@jH@@,C(=NC1(=CC2(=C(C=C1)OCC2)))=O,1,,DMSO,2.5,250.131544655141
90,0,detH`ACDRYVvfFX@Jb@@,C=1(C2(=C(C=CC=1(Br))OCC2)),1,,CDCl3,7.26,250.131544655141
94,0,dmLD@@iIYe[iEVBBH`@,C=1(C2(=C(C=CC=1)CCO2))(C=O),1,,CDCl3,7.26,250.131544655141
95,0,deTD`DXHcHihhbpsMSP@@,O1(C(C)=CC(=C1(C))C(Cl)=O),1,,CDCl3,7.26,250.131544655141
96,0,dmtLPDs`bHBLbdLTQzYYjZ@@,O1(C(C)=C(S(Cl)(=O)=O)C=C1(C)),1,,CDCl3,7.26,250.131544655141
97,0,dcN@HDBHfPVPvPrJIJHrTt@EU@@@,C(C=1(C=C(Cl)N=C(C=1)C))(F)(F)F,1,,CDCl3,7.26,250.131544655141
101,0,dk\L`DGPbDfyVuz]NX@bh`@,C(C1(=CC=2(OCCOC=2(C=C1))))(=O)Cl,1,,CDCl3,7.26,250.131544655141
102,0,dg|BPDrSBH`HrJPqISIBiwK@DUD@@,S(C1(=CC=2(OCCOC=2(C=C1))))(=O)(=O)Cl,1,,CDCl3,7.26,250.131544655141
104,0,dmLD`FdJqIe[VneX@bh`@,C=12(C=C(I)C=CC=1OCCO2),1,,CDCl3,7.26,250.131544655141
106,0,dclL@@jTefUoegVBBbH@@,C2(OC1(=C(C(=CC=C1)C=O)OC2)),1,,CDCl3,7.26,250.131544655141
107,0,dg|L`L{PqDenYVyO[i``hb@@,C2(COC=1(C(=CC=CC=1O2)C(=O)CBr)),1,,CDCl3,7.26,250.131544655141
110,0,dk\BPDrSBH`HrJPqISHUtyX@bb@@,C=1(C=C2(C(=CC=1(S(Cl)(=O)=O))OCO2)),1,,CDCl3,7.26,250.131544655141
111,0,detD`BDLQIfUfga``hH@@,C1(=CC=CC2(=C1OCO2))(Br),1,,CDCl3,7.26,250.131544655141
114,0,didLPDr`bHBLbdLRxYZZP@,O1(C(=CC=C1)S(Cl)(=O)=O),1,,CDCl3,7.26,250.131544655141
115,0,gFqHDLQIeMii@@,O1(C(=CC=C1)Br),1,,CDCl3,7.26,250.131544655141
117,0,dkmH`BY@bDfygiXYijjd@@,N1(C(C)(C)C)(C(=CC(=N1)C)C(=O)Cl),1,,CDCl3,7.26,250.131544655141
118,0,gFqHBLQIeMff@@,O1(C=C(C=C1)Br),1,,CDCl3,7.26,250.131544655141
120,0,foA`c@EHpBH`DTBLbdLRVbRxJsiZZ`@P@@,C1(=NC=CC=C1)(C2(=CC=C(S(Cl)(=O)=O)S2)),1,,CDCl3,7.26,250.131544655141
121,0,do}D@JDDrJIQJJjPUZijji@@,C=1(N(N=C(C=1)C(C)(C)C)C)(C(=O)OCC),1,,CDCl3,7.26,250.131544655141
123,0,dieHPFy@bBBDfyYnffi@@,S1(N=NC(C)=C1(C(=O)Cl)),1,,CDCl3,7.26,250.131544655141
127,0,dieH`By@bDfyWaf@@@@,C=1(N=CC(C(=O)Cl)=NC=1),1,,CDCl3,7.26,250.131544655141
131,0,deUDPJELBH`HrJPqK\LmKT@@,N1(C=NC(S(Cl)(=O)=O)=C1)(C),1,,CDCl3,7.26,250.131544655141
132,0,daEH@LXDeezYiZ`@,N1(C=NC(C=O)=C1)(C),1,,CDCl3,7.26,250.131544655141
135,0,daG@@@qdeez[iZ`@,N1(C=NC(C#N)=C1)(C),1,,CDCl3,7.26,250.131544655141
136,0,deUD@JDDRY[_aZiZ`@,N1(C=NC(C(OC)=O)=C1)(C),1,,CDCl3,7.26,250.131544655141
137,0,dg}H`J[@qDenVW^D{ifj@@@@,C1(=CC=C2(N(C(C(CBr)=O)=NC2(=C1))C)),1,,CDCl3,7.26,250.131544655141
141,0,die@`DX@aIVUxU`@@@,C(=NC=1(C=NC=CC=1))=S,1,,Acetone,2.04,250.131544655141
142,0,dcnH@JAIYe[yYu`@@@@@,C12(=C(C=O)C=CC=C1C=CC=N2),1,,CDCl3,7.26,250.131544655141
143,0,dmN@`BCDRYe[ZQV@@@@@@,C1=2(N=CC=CC1=CC=CC=2Br),1,,CDCl3,7.26,250.131544655141
145,0,dcnH@IAIYVu[eu`@@@@@,C1(=CN=C2(C=CC(=CC2(=C1))C=O)),1,,CDCl3,7.26,250.131544655141
147,0,dmN@`ACDRYVuiiV@@@@@@,N=2(C1(=C(C=C(C=C1)Br)C=CC=2)),1,,CDCl3,7.26,250.131544655141
149,0,fde`b@K@Hb`rQJJSRqJHdYYpXuUT@@A@@@,C=2(C=C1(C(=CN=CC1=CC=2)B3(OCC(CO3)(C)C))),1,,CDCl3,7.26,250.131544655141
152,0,dmNH`Ld@aJYetjEZA`R@@,S1(C=2(N=CC=CC=2(C=C1(C=O)))),1,,CDCl3,7.26,250.131544655141
156,0,daF@PJCDPHRYYJjZi@@,S1(C(C)=NC(C)=C1(Br)),1,,CDCl3,7.26,250.131544655141
157,0,f`q`a@LBd@HYPYHhhULeELTUjfZjjj`@@,S1(C(=C(N=C1C)C)B2(OC(C(O2)(C)C)(C)C)),1,,CDCl3,7.26,250.131544655141
158,0,dk^DpCS@bHBIBLbdLRTrE]NV@HhP@,C2(=C(C=CC=1(N=CSC=12))S(Cl)(=O)=O),1,,CDCl3,7.26,250.131544655141
159,0,dev@PICDXHRYVvnFX@ba@@,C=1(C=2(SC=NC=2(C=CC=1(Br)))),1,,CDCl3,7.26,250.131544655141
161,0,dmNH`Jd@aJYewJEZA`R@@,C1(=CC=C2(SC(=NC2(=C1))C=O)),1,,CDCl3,7.26,250.131544655141
162,0,dmN@PBCDpHRVUUiiVih@@@@,C1(=CC=C2(SC(=NC2(=C1))CBr)),1,,CDCl3,7.26,250.131544655141
163,0,dev@PLCDPHRYUTjFZZ@@@@,C1(=CC=C2(SC(=NC2(=C1))Br)),1,,CDCl3,7.26,250.131544655141
166,0,dk]H`BY@bDfyYW[mNYhHB@@,C12(=CC=CC=C2(N(N=C1C(Cl)=O)C)),1,,CDCl3,7.26,250.131544655141
167,0,dclD`DHHaInUU[evZZ@@@@,C=1(C=CC=2(OC(=CC=2(C=1))C(=O)Cl)),1,,CDCl3,7.26,250.131544655141
168,0,dk\LPDr`bHBLbdLRRRx]NVf`@@@,C=1(C=CC=2(OC(=CC=2(C=1))S(Cl)(=O)=O)),1,,CDCl3,7.26,250.131544655141
169,0,dmLD@@qIYUVfeVf`@@@,C=1(C=CC=2(OC(=CC=2(C=1))C=O)),1,,CDCl3,7.26,250.131544655141
171,0,dmLD@@eIYVuneV@Bd`@,C(=O)C=1(C=CC2(=C(C=1)C=CO2)),1,,CDCl3,7.26,250.131544655141
172,0,dk\D`LtLQI[e[QgSi`@iH@@,C(CBr)(C=1(C=CC2(=C(C=1)C=CO2)))=O,1,,CDCl3,7.26,250.131544655141
173,0,detH`ACDRYVvfFX@JR@@,BrC=1(C=CC2(=C(C=1)C=CO2)),1,,CDCl3,7.26,250.131544655141
175,0,dmNH@EAJYWwJxZA@n@@,C(C1(=CC2(=C(C=C1)OC=C2)))#N,1,,CDCl3,7.26,250.131544655141
176,0,fdeAb@@JuJ`RfU}eYlTxHujA@jjjb@@,B1(OC(C(O1)(C)C)(C)C)(C=3(C=CC=2(OC=CC=2C=3))),1,,CDCl3,7.26,250.131544655141
179,0,fdy`b@NRTCDRVUvueV\CFjjfh@H@@,C(N1(CCC(CC1)CBr))(OCC=2(C=CC=CC=2))=O,1,,CDCl3,7.26,250.131544655141
185,0,dg~H`Lt@aJYyUgJVzYBAb@@,S1(C=C(C(C)=O)N=C1C2(=CC=CC=C2)),1,,CDCl3,7.26,250.131544655141
186,0,dmMH`HQPBDiUY|KiiZYZ@@,C=1(C=2(C(C(=CC=1)C=O)=NSN=2)),1,,CDCl3,7.26,250.131544655141
187,0,dcoH`HSm@HrQIIQHxPsRuJm@@,C=1(C=2(C(C(=CC=1)N=C=O)=NSN=2)),1,,CDCl3,7.26,250.131544655141
188,0,deu@PBDLS`aIfUfgaiZfX@@,C=1(C=2(C(C(=CC=1)Br)=NSN=2)),1,,CDCl3,7.26,250.131544655141
189,0,deu@PBDJs`aIfUfgaiZfX@@,C=1(C=2(C(C(=CC=1)I)=NSN=2)),1,,CDCl3,7.26,250.131544655141
190,0,dmMH`HQPBDiUU|KaiZVZ@@,C=1(C2(=NSN=C2(C=C(C=1)C=O))),1,,CDCl3,7.26,250.131544655141
191,0,dcmHPAU@bMBDfyVwiWY`BFH@@,C=1(C=2(SN=NC=2(C=C(C=1)C(Cl)=O))),1,,CDCl3,7.26,250.131544655141
192,0,daFHPJPH``aInUnffd@@,S1(C(C(=O)Cl)=NC=C1),1,,CDCl3,7.26,250.131544655141
193,0,difHPFpLR`aI[exZZZP@,S1(C(C(=O)CBr)=NC=C1),1,,CDCl3,7.26,250.131544655141
195,0,dk]LPNuLTHb@cHiCEDeIM]eiZfX@@,C2(=CC=C(C1(=NON=C12))S(=O)(=O)Cl),1,,CDCl3,7.26,250.131544655141
197,0,deuH`FdPqDfUmkafZVf`@,C2(=CC(Br)=CC1(=NON=C12)),1,,CDCl3,7.26,250.131544655141
199,0,difD`NP`bDfyYnffi@@,O1(C(=C(C)N=C1)C(=O)Cl),1,,CDCl3,7.26,250.131544655141
201,0,dk^H`LXLSHeDhXdj[SjV`@`@@,O1(C(=C(N=C1)CBr)C2(=CC=CC=C2)),1,,CDCl3,7.26,250.131544655141
204,0,daFD`FP`bDfyVzZZP@,O1(C(C(=O)Cl)=CC=N1),1,,CDCl3,7.26,250.131544655141
206,0,difD`BQ`bDfy]nfZZ@@,O1(C(C)=CC(C(Cl)=O)=N1),1,,CDCl3,7.26,250.131544655141
207,0,daFD@LBdeezYff`@,O1(C(C)=CC(C=O)=N1),1,,CDCl3,7.26,250.131544655141
208,0,daFH`LhLQIY^fiih@@,O1(C(C)=CC(CBr)=N1),1,,CDCl3,7.26,250.131544655141
212,0,foA@c@DXADPBJAFQRFIKQI\EYtmMP@H@@,S1(C(=CC=C1C2(=CC=CC=C2))S(Cl)(=O)=O),1,,CDCl3,7.26,250.131544655141
214,0,dk]H`Au@bDfyVuz]NX@@@@@,C(C1(=CC2(=NC=CN=C2(C=C1))))(=O)Cl,1,,CDCl3,7.26,250.131544655141
215,0,dmM@`FdLQIe[VneX@@@@@,C12(=CC(Br)=CC=C2(N=CC=N1)),1,,DMSO,2.5,250.131544655141
220,0,dk\DpDpHb@b`cHiCDddnGSeih@@@@,C1(=CC=C2(SC(S(Cl)(=O)=O)=CC2(=C1))),1,,CDCl3,7.26,250.131544655141
221,0,dclHPDBHDHR[fUvE]fdHB@@,S1(C=2(C=CC=CC=2(C(=C1)C(Cl)=O))),1,,CDCl3,7.26,250.131544655141
222,0,dk\HPLCDdHRVye_itzZP`H@@,S1(C=2(C=CC=CC=2(C(=C1)C(CBr)=O))),1,,CDCl3,7.26,250.131544655141
230,0,deUH`BY@bLbfbbKCMMT`@,N1(N=C(C)C=C1(C(=O)Cl))(C),1,,CDCl3,7.26,250.131544655141
231,0,dieH@LhLbTTQkffjP@,N1(N=C(C)C=C1(C=O))(C),1,,CDCl3,7.26,250.131544655141
233,0,die@`LhHcHeEDZzijd@@,N1(N=C(C)C=C1(CCl))(C),1,,CDCl3,7.26,250.131544655141
235,0,deUH`BY@bDfyU[iffh@@,N1(C(=CC(=N1)C(Cl)=O)C)(C),1,,CDCl3,7.26,250.131544655141
236,0,dieH@LhDeeVfYij@@,N1(C(=CC(=N1)C=O)C)(C),1,,CDCl3,7.26,250.131544655141
241,0,didHPLCDhHRVy^Fffd@@,S1(C(C(=O)CBr)=CC=C1),1,,CDCl3,7.26,250.131544655141
242,0,daFH`Lx@cIEDbUUJl@@,S1(C(N=C=O)=CC=C1),1,,CDCl3,7.26,250.131544655141
246,0,didDpDpHb@c`cHiCDnFVZX@@,S1(C=CC(S(=O)(=O)Cl)=C1),1,,CDCl3,7.26,250.131544655141
248,0,daFH`Jx@aJUwBiYX@@,S1(C=C(C=C1)N=C=O),1,,CDCl3,7.26,250.131544655141
251,0,foAAb@LRLCDRVyVuQJlzf@Hjb@@,C=12(C=C(C(=O)CBr)C=CC=1OCCCO2),1,,CDCl3,7.26,250.131544655141
254,0,dk^D@ECdee[UXUu`BJh`@,C1=2(C(OCCN1C)=CC(=CC=2)C=O),1,,CDCl3,7.26,250.131544655141
255,0,dcnH`IXLQIe[UkiV@Hjb@@,C=12(C(=CC(=CC=1)Br)OCCN2C),1,,CDCl3,7.26,250.131544655141
256,0,fbmab@F@M[UAdbbTVRLRTThpRg^hJBJjjh`@@,B1(OC(C(O1)(C)C)(C)C)(C=2(C=CC3(=C(C=2)OCCN3(C)))),1,,CDCl3,7.26,250.131544655141
258,0,dg~LpKSEBH`HhHrJPqIZI\IwKSUMJ@@,S2(C(=CC=C2(C=1(OC=NC=1)))S(Cl)(=O)=O),1,,CDCl3,7.26,250.131544655141
260,0,foAaa@GHqhDQ@HrJPqIYQHTkNe`@ihP@@,C1(=CN=CO1)(C2(=CC=C(S(Cl)(=O)=O)C=C2)),1,,CDCl3,7.26,250.131544655141
263,0,dcMDPNeLBH`HrJPqQP}LmKUP@@,N1(C)(N=C(C)C(S(=O)(=O)Cl)=C1C),1,,CDCl3,7.26,250.131544655141
264,0,deUH@JxLbTTTM\tmU@@,N1(C)(N=C(C)C(=C1(C))C=O),1,,CDCl3,7.26,250.131544655141
265,0,die@`BXJsHhhhRZejh@@,N1(C)(N=C(C)C(=C1(C))I),1,,CDCl3,7.26,250.131544655141
266,0,fhiPb@CN@qEAdbdTTlLTNFF]UUUKUT@@,N1(C(C)=C(C(=N1)C)B2(OC(C(O2)(C)C)(C)C))(C),1,,CDCl3,7.26,250.131544655141
268,0,foA``@D@YdRTTQTRSAV\luL@D@@@,O1(C(=C(C=C1C2(=CC=CC=C2))N=C=O)C),1,,CDCl3,7.26,250.131544655141
270,0,f`qPa@NRQ`DQ@HrJPqQHqI\d{tluL@D@@@,N1(C(C)=C(C=N1)S(Cl)(=O)=O)(C=2(C=CC=CC=2)),1,,CDCl3,7.26,250.131544655141
271,0,dg}H@JxLbTTRLRU\]luL@D@@,N1(C(=C(C=N1)C=O)C)(C=2(C=CC=CC=2)),1,,CDCl3,7.26,250.131544655141
272,0,foAq@@DLDCHdhhdXdfBlyYjX@H@@,N1(C(=C(C=N1)N=C=O)C)(C=2(C=CC=CC=2)),1,,CDCl3,7.26,250.131544655141
273,0,fj}Pb@CN@qEAdbdTTlLRLRVFF]dmUUSTp@T@@@,N3(C=1(C=CC=CC=1))(C(C)=C(B2(OC(C(O2)(C)C)(C)C))C=N3),1,,CDCl3,7.26,250.131544655141
276,0,dcm@PATLSPaIe]eiev@Beb@@,BrC1(=CC=C(C=C1)C=2(N=NSC=2)),1,,CDCl3,7.26,250.131544655141
278,0,f`q`b@EX|CDRVyWYTTg^i`@jjH@@,N2(C1(=CC=C(C(CBr)=O)C=C1))(CCOCC2),1,,CDCl3,7.26,250.131544655141
279,0,foAQB@DR\@HRUe]e^BlyX@Jjb@@,N1(CCOCC1)(C=2(C=CC(N=C=S)=CC=2)),1,,CDCl3,7.26,250.131544655141
283,0,f`qQa@NJQcpHb@QdTabRrbREIwiX@Jjb@@,S(C1(=CN=C(C=C1)N2(CCOCC2)))(=O)(=O)Cl,1,,CDCl3,7.26,250.131544655141
284,0,foAqB@DLdx@PdkJ{J|EYrp@UUD@@,C=2(N1(CCOCC1))(N=CC(N=C=S)=CC=2),1,,CDCl3,7.26,250.131544655141
285,0,fj}Qb@J\AYqjAJUvUvUfIQVoAjj@BjjjH@@,B3(C1(=CN=C(C=C1)N2(CCOCC2)))(OC(C(O3)(C)C)(C)C),1,,DMSO,2.5,250.131544655141
287,0,dk^H`Lt@aJYyU\iSidHD`@@,S2(C=C(N=C2(C1(=CC=CC=C1)))C=O),1,,CDCl3,7.26,250.131544655141
289,0,foAPa@EZQ`DQ@HrJPqIYQHTkNe`@jT`@@,C=2(C=C(C=CC=2(N1(C=CC=N1)))S(Cl)(=O)=O),1,,CDCl3,7.26,250.131544655141
290,0,dk]@`AdLQIYWYV{Sh@JeH@@,C=2(C=C(CBr)C=CC=2(N1(C=CC=N1))),1,,CDCl3,7.26,250.131544655141
292,0,dcm@`NDJqIe]eiev@BiR@@,C=2(C=C(I)C=CC=2(N1(C=CC=N1))),1,,CDCl3,7.26,250.131544655141
295,0,dk]H@AtDee]e[mM`@jT`@,C=2(C=C(C=O)C=CC=2(N1(C=CN=C1))),1,,CDCl3,7.26,250.131544655141
301,0,do|B`FgS@HrQQJUSSHjjUifj@@,S1(C(=CC=C1)C(CC(C(OCC)=O)=O)=O),1,,CDCl3,7.26,250.131544655141
302,0,dcND@DATf[W[aZjjZ@@,N1(C(=O)C)(CCC(C(=O)C)CC1),0,,CDCl3,7.26,250.131544655141
304,0,dcmHPNFPqDBDfUy\jeZZffX@@,S2(C(Br)=CC=C2(C1(=NOC(=N1)C))),1,,CDCl3,7.26,250.131544655141
306,0,f`qqA@AZ]`FIPHrISQJHqI\D{uMMT@B@@@,S1(C(=C(N=C1C=2(C=NC=CN=2))C)C(=O)CBr),1,,CDCl3,7.26,250.131544655141
307,0,dg~H`NhLSHeEEMBeWG]MS@A@@@,O1(C(=C(C(C)=N1)CBr)C2(=CC=CC=C2)),1,,CDCl3,7.26,250.131544655141
310,0,gOtHEaVILl[MT`@,N1(C(=NC=C1)I)(C),1,,CDCl3,7.26,250.131544655141
313,0,dmM@`DXLSHhhhdRZUijiV@@,C=1(N2(C(=NC=1C)C=CC=C2))(Br),1,,CDCl3,7.26,250.131544655141
314,0,dk^H@NAIYV{VGSX@beH@@,C=2(N1(C=CC=C1))(C=C(C=O)C=CC=2),1,,CDCl3,7.26,250.131544655141
315,0,dg}H@DDDeYV{^d{V@HiR@@,C=2(N1(C=CC=C1))(C=C(N=C=O)C=CC=2),1,,CDCl3,7.26,250.131544655141
318,0,dcoH@NePRVUmvFUX@ah`@,C(=O)C=1(C=CC2(=C(C=1)N=NN2C)),1,,CDCl3,7.26,250.131544655141
319,0,dco@`NePqDee[]aeZ@HZH@@,C(Br)C=1(C=CC2(=C(C=1)N=NN2C)),1,,CDCl3,7.26,250.131544655141
322,0,daEH@LxDefZyijP@,N1(C(C=O)=CN=C1)(C),1,,CDCl3,7.26,250.131544655141
325,0,flyPB@JF@fYIHhdeDdjdhuUMUUUR@@,N1(C=NC=C1([Sn](CCCC)(CCCC)CCCC))(C),1,,CDCl3,7.26,250.131544655141
327,0,foA`b@NPP@HrRPiYJIIgKNVjj@B@@@,S1(CCN(CC1)CC2(=CC=CC=C2))(=O)(=O),1,,CDCl3,7.26,250.131544655141
329,0,deT@p@bFbIbLbbRbM]@DT@@,C1(=C(C=C(C=C1Cl)CCl)Cl),1,,CDCl3,7.26,250.131544655141
334,0,fhia`@A@PEIeegg]UoAZ`hJJb@@,C2(=CC=CC=C2(N1(CCOCC1)))(C(OCC)=O),1,,CDCl3,7.26,250.131544655141
335,0,dk]H@JDDefV]y]M``hT`@,C=2(N1(C=CC=N1))(C(C=O)=CC=CC=2),1,,CDCl3,7.26,250.131544655141
336,0,dk_@@@hTefV]y]O``hT`@,C=2(N1(C=CC=N1))(C(C#N)=CC=CC=2),1,,CDCl3,7.26,250.131544655141
337,0,dk]H@LhDef^ukmMij@A@@,N1(C(=CC=N1)C=O)(C2(=CC=CC=C2)),1,,CDCl3,7.26,250.131544655141
340,0,dmLH`E@HRfU}rnF`PI`@@,C=1(C2(=C(C=C(C=O)C=1)C=CS2)),1,,CDCl3,7.26,250.131544655141
341,0,dk\HPLCDtHRVyVtYtzX@JR@@,C=1(C2(=C(C=C(C(CBr)=O)C=1)C=CS2)),1,,CDCl3,7.26,250.131544655141
342,0,dcnH`It@aJYWurnF`PIX@@,C=1(C2(=C(C=C(N=C=O)C=1)C=CS2)),1,,CDCl3,7.26,250.131544655141
343,0,det@P@qABDfUmiaf@Bd`@,C=1(C2(=C(C=C(Br)C=1)C=CS2)),1,,CDCl3,7.26,250.131544655141
346,0,dmN@`E@HRfU}rnF`PK`@@,C=1(C2(=C(C=C(C#N)C=1)C=CS2)),1,,CDCl3,7.26,250.131544655141
347,0,fde@a@EZ@DRhDie_YV[ENBMZ`PJjjh`@@,C=2(C=3(SC=CC=3(C=C(B1(OC(C(O1)(C)C)(C)C))C=2))),1,,CDCl3,7.26,250.131544655141
349,0,deu@`DXLQIfUrXYijeX@@,C1(=CC=CN2(C(=CN=C12)Br)),1,,CDCl3,7.26,250.131544655141
352,0,gOyHFQVILrWMS@@,O1(C(=C(C=N1)I)C),1,,CDCl3,7.26,250.131544655141
354,0,dg}D@ATDRYYYwESmjZieh@@,C=2(C=NN1(C=2(C=CC=C1)))(C(OCC)=O),1,,CDCl3,7.26,250.131544655141
358,0,foA@B@@XbSJvtuQdcP@UUTP@@,C2(C)(C)(C1(=CC=C(C=C1C(C)(CC2)C)Br)),1,,CDCl3,7.26,250.131544655141
359,0,dg|D`DXHaInYVxUgY``bh`@,C2(=CC=CC=1(CC(OC=12)(C)C))(C(=O)Cl),1,,CDCl3,7.26,250.131544655141
360,0,dk\D@@iIYe[ndUXHHjH@@,C2(=CC=CC=1(CC(OC=12)(C)C))(C=O),1,,CDCl3,7.26,250.131544655141
361,0,dk\D`LdLQI[fU~gSiiB@`@@,C1(=CC=C2(OC=C(C2(=C1))C(CBr)=O)),1,,CDCl3,7.26,250.131544655141
362,0,detH`FCDRYe\fFZP`H@@,O1(C=C(C2(=C1C=CC=C2))Br),1,,CDCl3,7.26,250.131544655141
365,0,dg}H@JxLbTTRTJU\]luL@D@@,N1(C(=C(C=N1)C=O)C2(=CC=CC=C2))(C),1,,CDCl3,7.26,250.131544655141
368,0,didHpACDHHzHRY]bjZZX@@,S1(C=C(C=C1(C(=O)Cl))Br),1,,CDCl3,7.26,250.131544655141
370,0,gOpLAbHH^HdrymMR@@,S1(C=C(C=C1Br)Br),1,,CDCl3,7.26,250.131544655141
371,0,dmtDPAdLQ@cHheDYbjfjZP@,S1(C(=CC(C)=C1(Br))C(=O)OC),1,,CDCl3,7.26,250.131544655141
372,0,f`q`c@AHpBH`DTBLbdLRbLRWAN}KSU@@`@@,S1(C(S(Cl)(=O)=O)=C(N=C1C=2(C=CC=CC=2))C),1,,CDCl3,7.26,250.131544655141
373,0,dk^@PJCDPHrJIQFIHjtzZh@D@@,S1(C(Br)=C(N=C1C=2(C=CC=CC=2))C),1,,CDCl3,7.26,250.131544655141
377,0,ffcab@J@]zu@eJzrnrlqJZLFMUT@EUUTP@@,C1(OCCN(C1)CC3(=CC=C(B2(OC(C(O2)(C)C)(C)C))C=C3)),1,,CDCl3,7.26,250.131544655141
379,0,f`qaC@I^ADBBGQBSJ{JkTXkT@EMUH`@@,S1(C(C(Cl)=O)=C(N=C1C2(=CC=C(C=C2)Cl))C),1,,CDCl3,7.26,250.131544655141
384,0,didD`DDHaInUxYjj`@,C1(COCCC1(C(Cl)=O)),0,,CDCl3,7.26,250.131544655141
385,0,daDH`NCDRVU[jjj@@,C1(C(CCOC1)CBr),0,,CDCl3,7.26,250.131544655141
387,0,gOqHFJqIeZzjh@,C1(COCCC1I),0,,CDCl3,7.26,250.131544655141
389,0,daDH`NBlRVU[jjj@@,C1(OCCC(C1)CI),0,,CDCl3,7.26,250.131544655141
391,0,fjmQ`@LF@`nQQJJQJyQIYZMEKUUUT@Dp@@,C=2(C(C=O)=CC=C(N1(CCN(C(OC(C)(C)C)=O)CC1))C=2),1,,CDCl3,7.26,250.131544655141
392,0,fcoPR@LF@`m\tFQQJJQJyQIYQIQSQhi[ujjjj@BjjjH@@,B3(C=2(C=CC(N1(CCN(CC1)C(OC(C)(C)C)=O))=CC=2))(OC(C)(C)C(C)(C)O3),1,,CDCl3,7.26,250.131544655141
394,0,dk]@@@EIYWYV{Sx@JjH@@,C=2(N1(CCCC1))(C=CC(C#N)=CC=2),1,,CDCl3,7.26,250.131544655141
395,0,foA``@E@PdrvnrbeYsT@EUD@@,C=2(N1(CCCC1))(C=CC(C(=O)OC)=CC=2),1,,CDCl3,7.26,250.131544655141
402,0,fncPR@LVtZJPAFRJKQIJHiJERXhjuLuTuTuUP@@,C1(CN(CCC1C2(=NC(C(OCC)=O)=CS2))C(=O)OC(C)(C)C),1,,CDCl3,7.26,250.131544655141
404,0,fasPR@JAEINPAFRJJISPiIESJSEGAiffjjijj`@@,C2(=C(C)N=C(C1(CCN(C(=O)OC(C)(C)C)CC1))S2)(C(=O)OCC),1,,CDCl3,7.26,250.131544655141
406,0,foAAb@AZLCDRYVw[ZLEJ@BfZb@@,O2(C=1(C=CC(Br)=CC=1C=C2(C(=O)OCC))),1,,CDCl3,7.26,250.131544655141
407,0,dmMH@LXDeeUZZUZViZ@@,C1(=CC=CC2(=NC(=CN12)C=O)),1,,DMSO,2.5,250.131544655141
409,0,fhiPa@M^Q`DQ@HrJPqISSIPRg^e`B@@`@@,S(C2(=CC(C=1(N=C(C)N=CC=1))=CC=C2))(=O)(=O)Cl,1,,CDCl3,7.26,250.131544655141
411,0,f`aQ`@LT@cvQQJJQJUEVfjjejX@@,N1(N=C(C(C=O)=C1(C))C)(C(=O)OC(C)(C)C),1,,CDCl3,7.26,250.131544655141
412,0,deuH`LJPBDie_JfzfZfP@,S2(C=CN1(C=C(N=C12)C=O)),1,,CDCl3,7.26,250.131544655141
414,0,dk_@@@kTefV]y]O``hT`@,C2(=CC=CC(=C2(N1(C=NC=C1)))C#N),1,,CDCl3,7.26,250.131544655141
416,0,dmMH@JdDee[VzUYiiZ@@,C=1(C(=CN2(C=CN=C2(C=1)))C=O),1,,CDCl3,7.26,250.131544655141
418,0,dmO@@@jTee[VzUyiiZ@@,C=1(C(C#N)=CN2(C=CN=C2(C=1))),1,,DMSO,2.5,250.131544655141
420,0,dcl@p@qABMbLbbRfTMLLp@TtP@@,C1=2(C=C(Br)C=CC=2(SC=C1CCl)),1,,CDCl3,7.26,250.131544655141
422,0,dg~D@NBtee[mVD{X@bjb@@,C=2(C=CC(=CC=2(N1(CCOCC1)))C=O),1,,CDCl3,7.26,250.131544655141
426,0,fj}ab@J@lxuAdbRrbRabRbaJJuxMUP@UUUQ@@@,C1(CN(CCO1)C2(=CC=CC(=C2)B3(OC(C(O3)(C)C)(C)C))),1,,CDCl3,7.26,250.131544655141
431,0,dg~H@NAIYV{UaNv@Hjh`@,C=2(C=CC(=CC=2(N1(CCCCC1)))C=O),1,,CDCl3,7.26,250.131544655141
434,0,fj}`b@G@Xb`rQRJJVEJZYKCK^rVjjh@bjh`@@,C1(CN(CCC1)C2(=CC=CC(=C2)B3(OC(C(O3)(C)C)(C)C))),1,,CDCl3,7.26,250.131544655141
436,0,dk\D@@eIYWYV{SX@JZD@@,C2(C=1(C=CC(C=O)=CC=1))(=CC=CO2),1,,CDCl3,7.26,250.131544655141
437,0,dg}D@ITMRVUvW[mM`@ffH@@,O1(N=C(N=C1C)C2(=CC=C(C=C2)C=O)),1,,CDCl3,7.26,250.131544655141
438,0,dg}H`IWPqDee]ev{Sh@Iib@@,O1(N=C(N=C1C)C2(=CC=C(C=C2)CBr)),1,,CDCl3,7.26,250.131544655141
439,0,f`aP``D\dhDQjPMHVdLbbTTTLfkNPDDuU@@@,C(F)(F)(F)C1(=NC(=C(C(OCC)=O)C=N1)Cl),1,,CDCl3,7.26,250.131544655141
442,0,dco@`DXPqDfUnvnWX@beH@@,N=2(C(N1(N=CC=C1))=CC=CC=2Br),1,,CDCl3,7.26,250.131544655141
446,0,dcl@P@qNBDfYYuiWXHIJD@@,C1(=CC=C(C(=C1)Br)C2(=CC=CS2)),1,,CDCl3,7.26,250.131544655141
451,0,dcnH`MxLQIfV]ZUvBBRa@@,C=2(C=C(C=1(OC=NC=1))C(=CC=2)Br),1,,CDCl3,7.26,250.131544655141
458,0,dk]@`DXLQIe[mZ{S`BJjH@@,C1(=CC(=NC(=C1)N2(CCCCC2))Br),1,,CDCl3,7.26,250.131544655141
459,0,dk]H`DXpqDfUnukmN@Hjh`@,C1(=CC(=NC(=C1)N2(CCOCC2))Br),1,,CDCl3,7.26,250.131544655141
461,0,dk^H@NAIYV{VGSX@bjH@@,C2(=CC(=CC(N1(CCCC1))=C2)C=O),1,,CDCl3,7.26,250.131544655141
463,0,dk]@@@yIYV{VGSx@bjH@@,C=2(C=C(N1(CCCC1))C=CC=2)(C#N),1,,CDCl3,7.26,250.131544655141
465,0,f`qQa@MFQbpHb@QdTabRffVDjsiX@aib@@,C1(=NOC(C)=N1)(C=2(C=CC=C(C=2)S(=O)(=O)Cl)),1,,CDCl3,7.26,250.131544655141
466,0,dg}H`IWPqDee[mvGSh@aib@@,C1(=NOC(=N1)C)(C2(=CC(=CC=C2)CBr)),1,,CDCl3,7.26,250.131544655141
473,0,deUHPDJPbAbLbbbaa]SUR`@,N1(C(Cl)=C(C=N1)C(Cl)=O)(C),1,,CDCl3,7.26,250.131544655141
479,0,dmNH`FT@aJYW_J[jYff`@,S1(C=CC=2(N(C(=CC1=2)C=O)C)),1,,CDCl3,7.26,250.131544655141
482,0,dmN@`ACDRYVuiaf@BfH@@,C=1(C=CC=2(N(C=CC=2(C=1))C))(Br),1,,CDCl3,7.26,250.131544655141
484,0,dg}H@MLDee[mVD{X@`@@@@,C=1(C(=CN=CN=1)C2(=CC(=CC=C2)C=O)),1,,CDCl3,7.26,250.131544655141
487,0,dg~H@MAIYeg_eNvB@@@@@,C=1(C=C(C=NC=1)C2(=C(C=CC=C2)C=O)),1,,CDCl3,7.26,250.131544655141
491,0,fhiP`@JA@IJUuVUteKNjjj@Bx@@,C=2(C=C(OCCN1(CCOCC1))C=CC=2C#N),1,,CDCl3,7.26,250.131544655141
497,0,dg}H@MLDee]eVx{X@H@@@@,C=1(C(=CN=CN=1)C2(=CC=C(C=C2)C=O)),1,,CDCl3,7.26,250.131544655141
502,0,fhi``@M@QdTRfRaTRPi^Bu@AUUD@@,C1(CN(CCC1)CC2(=CC=CC(=C2)C(OC)=O)),1,,CDCl3,7.26,250.131544655141
504,0,f`qp@@@R]dRbRaTRVYrsn@Bjjb@@,C=1(C=C(C=C(C#N)C=1)CN2(CCN(CC2)C)),1,,CDCl3,7.26,250.131544655141
506,0,foAa@@I@RVUueV\ly`@jjb@@,C=1(C=C(C=CC=1C=O)CN2(CCCCC2)),1,,CDCl3,7.26,250.131544655141
510,0,fdyP`@MA@aIem]YWEKpVh@JjjH@@,C=1(C=C(C=CC=1C(=O)OC)CN2(CCN(CC2)C)),1,,CDCl3,7.26,250.131544655141
512,0,dgH@IVpRVUue[cm`@jeH@@,C2(=C(C=CC(CN1(C=NC=N1))=C2)C=O),1,,CDCl3,7.26,250.131544655141
516,0,dk]H`NEPqLbbbTVQZUvBAbX`@,C1(=NC(=NO1)C=2(C(=CC=CC=2)Br))(C),1,,CDCl3,7.26,250.131544655141
518,0,dee@PAd@c@aJ[[Zfkp@,C(=C(SC)SC)(C#N)C#N,0,,CDCl3,7.26,250.131544655141
520,0,dmv@HDCDFPfPVPRYWZih@Jh@@,C(C=1(C=NC(=CC=1)Br))(F)(F)F,1,,CDCl3,7.26,250.131544655141
522,0,dk]DHJULBH`HfHtHrJPqQQKetyZZjV@@,C2(S(Cl)(=O)=O)(=C(N=C1(SC=CN12))Cl),1,,CDCl3,7.26,250.131544655141
525,0,dmtHPLCDfPRVyVEZX@`@@,C1(C(=O)CBr)(=CC(F)=CC=C1),1,,CDCl3,7.26,250.131544655141
526,0,dcMD`DrUBHrJIJIRut@QM@@@,N1(=C(N=C(C=C1C(=O)OC)C)Cl),1,,CDCl3,7.26,250.131544655141
527,0,dmtHPLCDzHRVygeZXH@@@,C=1(C(=O)CBr)(C(Cl)=CC=CC=1),1,,CDCl3,7.26,250.131544655141
529,0,deUH`DJPbLbbbaQMSUR`@,N1(N=C(C)C(=C1Cl)C=O)(C),1,,CDCl3,7.26,250.131544655141
531,0,dg~@pIBHDHnHRYWY]iev@BfjD@@,S2(C=C(N=C2(C1(=CC=C(C=C1)Cl)))CCl),1,,CDCl3,7.26,250.131544655141
534,0,dmvHpDdH`XaXaIeemn`HI`@@,C1(=C(N=CC(=C1)Cl)Cl)(C(=O)Cl),1,,CDCl3,7.26,250.131544655141
535,0,deVHPDdH`XaIeWjZ@Bd@@,C(C=1(C=C(Cl)N=CC=1))(=O)Cl,1,,CDCl3,7.26,250.131544655141
537,0,dcn@`NBHRYWYZY]`@jT`@,N2(C1(=CC=C(C=C1)Cl))(C=CC=C2),1,,CDCl3,7.26,250.131544655141
539,0,dcNDPDePBFBLbRbbtKBluKT@@,S1(C(=C(N=C=S)C=C1)C(=O)OC),1,,CDCl3,7.26,250.131544655141
541,0,deu@PDxHb`aIeeVxY`HJD@@,N1(=CN=C(C2(=C1C=CS2))Cl),1,,CDCl3,7.26,250.131544655141
543,0,dklBpDq]BH`HxHrJPqQZGiefiZ`@,C1(=C(SC=C1)C(=O)OC)(S(=O)(=O)Cl),1,,CDCl3,7.26,250.131544655141
548,0,f`~@S@JRUhD`bPqHYEHYhhldjiiZj`Px`,C(C(C(F)(F)F)=O)(C(=O)OCC)=COCC,0,,CDCl3,7.26,250.131544655141
550,0,dkmHHFE@bIdEdMdDfygiXYiZjh@@,N1(C=C(C(=N1)C(F)(F)F)C(Cl)=O)(C),1,,Acetone,2.04,250.131544655141
551,0,dkmLAHLDZISlbfbbRQEV``bp@@,[N+](C1(=C(C=CC(C#N)=C1)OC))([O-])=O,1,,CDCl3,7.26,250.131544655141
552,0,dkmHHDJPbEdMdCdLbbbaRdIjZjZd@@,N1(C(=C(C(=N1)C(F)(F)F)C=O)Cl)(C),1,,CDCl3,7.26,250.131544655141
554,0,deTDPNDH``cHhhmBSSTmP@@,S1(C=CC(Cl)=C1(C(=O)OC)),1,,CDCl3,7.26,250.131544655141
555,0,dmtDPAdH``cHhhiiRZZfZ`@,S1(C=C(C(Cl)=C1(C(=O)OC))C),1,,CDCl3,7.26,250.131544655141
557,0,do}DHDp{BHfPVPvPrJIJYRJNf`@jih@@,C=1(C(C(F)(F)F)=NC(=NC=1)Cl)(C(=O)OC),1,,CDCl3,7.26,250.131544655141
565,0,dg\LPLtpqEBDenUvaff@BV@@,S(C1(=CC=C(C(=O)CBr)C=C1))(=O)(=O)C,1,,CDCl3,7.26,250.131544655141
569,0,deu@PDxH`PaIeeZxY`BIH@@,N=1(C2(=C(C(Cl)=NC=1)C=CS2)),1,,CDCl3,7.26,250.131544655141
570,0,f`qaa@EHqXDQ@HrJPqIYQQBd{tl@ESQ@@@,C2(N1(C(CCC1)=O))(=CC=C(C=C2)S(Cl)(=O)=O),1,,CDCl3,7.26,250.131544655141
572,0,gOxHFJqIeZx@@@,N1(=CC=C(C=C1)I),1,,CDCl3,7.26,250.131544655141
576,0,dmtDpDpHb@c`cHiCED^fVZf`@,S1(C(C)=C(S(Cl)(=O)=O)C=C1(C)),1,,CDCl3,7.26,250.131544655141
580,0,dmvL`BpYBHRVW[ijfii@@,O1(C=C(C(OC)=O)N=C1(CCl)),1,,CDCl3,7.26,250.131544655141
581,0,dmtHHLCDFPfPVPRVUzijfji@@,O1(C(=CC=C1(C(F)(F)F))CBr),1,,CDCl3,7.26,250.131544655141
582,0,deVH`DDHaIe]jZ@BX@@,N=1(C(=CC=C(C=1)C(=O)C)Cl),1,,CDCl3,7.26,250.131544655141
583,0,foApb@DDEhpHaIe[]mhpTiiiYjh@@,C2(=C(N=C1(N2(N=C(C=C1)Cl)))C(OCC)=O),1,,DMSO,2.5,250.131544655141
585,0,f`qP`@J\@{HeEDcDeeSakLuL@EP@@,N2(C1(=CC=C(OC)C=C1))(C(=C(C=N2)C=O)C),1,,CDCl3,7.26,250.131544655141
586,0,foAQB@NB\BPRYWY[zLUj@BiZR@@,N2(C1(=CC=C(F)C=C1))(C(=C(C=N2)C=O)C),1,,CDCl3,7.26,250.131544655141
587,0,devH`DDHaIeeZxY`BIH@@,C=1(C2(=C(C=CN=1)OC=C2))(Cl),1,,CDCl3,7.26,250.131544655141
589,0,f`aAQ@DXyYpHb@QdTabbRQfejVBBIh@@,S(C1(=CC(C(=O)OC)=CC=C1OC))(=O)(=O)Cl,1,,CDCl3,7.26,250.131544655141
590,0,devH`DHHaIemRhYf`@`@@,C=1(C2(=C(C=CC=1)ON=C2Cl)),1,,CDCl3,7.26,250.131544655141
592,0,f`qaa@MHpxDQ@HrJPqISIZBehtl@ETq@@@,O=S(C2(=CC=C1(C(CCN1C(=O)C)=C2)))(Cl)=O,1,,CDCl3,7.26,250.131544655141
593,0,dg\BpDsSBH`HhHrJPqJHs\LmMTt`@,S1(C(=C(C=C1C(OC)=O)C)S(Cl)(=O)=O),1,,CDCl3,7.26,250.131544655141
594,0,dg\HHLCDvPNPnPrISQIPrCML@ET@@,C(C=1(C=C(C(=O)CBr)C=CC=1))(F)(F)F,1,,CDCl3,7.26,250.131544655141
597,0,dcNDPLFPqDBLbbRRaQUSUMR@@,S1(C(=NC(=C1C(=O)OCC)C)Br),1,,CDCl3,7.26,250.131544655141
599,0,foAaaBCHlxDPPHMKnR[eU]f\UjZZ@I`@@,[N+](C=1(C=CC2(=C(C=1)C=C(S2)C(=O)Cl)))([O-])=O,1,,CDCl3,7.26,250.131544655141
600,0,dknDPES@bHBLbdLTRRgYXHL`@@,S(C=1(C(C#N)=CC=C(C=1)C))(=O)(=O)Cl,1,,CDCl3,7.26,250.131544655141
602,0,dklDHDpHb@aX`xcHiBhdhYvV`BH@@,S(=O)(=O)(CC1(=CC(Cl)=C(C=C1)Cl))Cl,1,,CDCl3,7.26,250.131544655141
604,0,deV@pDBHZHfHrJIJHut@QP@@,N=1(C(=CC(=CC=1Cl)CCl)Cl),1,,CDCl3,7.26,250.131544655141
605,0,fdya@`LJ@D^d@rDYCIEEMDdceIbakTsAHEU@@@,S2(C(C=1(C=CC(=CC=1)C(F)(F)F))=NC(=C2(C=O))C),1,,CDCl3,7.26,250.131544655141
606,0,fhi`B`J@qDACiCt`FPrJIQFIKJPeMFij`@jd@@,S2(C(C=1(C=CC(=CC=1)C(F)(F)F))=NC(=C2(Br))C),1,,CDCl3,7.26,250.131544655141
607,0,dcl@P@BJBDiWYWBWZV`@`@@,C=1(C=CSC=1)(SC2(=CC=CC=C2)),1,,CDCl3,7.26,250.131544655141
608,0,difDQJxPbDBJd^RY[bZfid@@,C1([N+]([O-])=O)(=C(SC=C1)Cl),1,,CDCl3,7.26,250.131544655141
610,0,fly`B@E@SDjfUUUuuzjBhJbh@@,[Sn](C=1(C=NC=CC=1))(CCCC)(CCCC)CCCC,1,,CDCl3,7.26,250.131544655141
611,0,dcMDaFtYBPZY{HhdihcWPACV@@,[N+](C=1(C(C#N)=CC=C(C=1)F))([O-])=O,1,,CDCl3,7.26,250.131544655141
616,0,dcNDQIWPbNbIg^rJJISFLLADS@@@,[N+](C=1(C=C(Cl)C(=C(C=1)Cl)C))([O-])=O,1,,CDCl3,7.26,250.131544655141
617,0,foAAB@A@BLdTTQVbRIRsjem`@`@@,S2(C(=CC=C2(C#CC1(=CC=CC=C1)))C=O),1,,CDCl3,7.26,250.131544655141
618,0,dg^LQIsSCDnHfSyI[e[dUi`BF`@@,[N+](C=1(C=C(C(=O)CBr)C=CC=1Cl))([O-])=O,1,,CDCl3,7.26,250.131544655141
619,0,dk^H`AtLQIe[WjXY`@jfH@@,C1(=C2(N(CCC2(=CC(=C1)Br))C(C)=O)),1,,CDCl3,7.26,250.131544655141
620,0,dk^BAHAEvISdfyVyz]Mh@ah`@,[N+](C=1(C=C2(C(OCC2(=CC=1))=O)))([O-])=O,1,,DMSO,2.5,250.131544655141
623,0,die@`BDLQIeWih@K@@,N#CC1(=CC(Br)=CN=C1),1,,CDCl3,7.26,250.131544655141
627,0,deTL`JxPBDiU{pjifjBh@,S1(CC(=O)C(C(OC)=O)C1),0,,CDCl3,7.26,250.131544655141
638,0,dctL`Bi`bDfYojifjhb`@,C(C(C(C)(C)C)=O)(C(=O)OC)Cl,0,,CDCl3,7.26,250.131544655141
639,0,fdy`Q@NPQxH@bPQddafbTVReEJsejYjeZh@@,C=1(C(=C(C(=O)OC)SC=1)N2(C=CC=C2))(S(=O)(=O)C),1,,CDCl3,7.26,250.131544655141
641,0,deVD`BrPbDenUFZZjh@@,N1(C(=O)CCl)(CCOCC1),0,,CDCl3,7.26,250.131544655141
645,0,didHPNCDHHRY]bjZYh@@,S1(C=C(C=C1(C(=O)C))Br),1,,CDCl3,7.26,250.131544655141
647,0,dk^@PACDtHRYWYVfWX@JVb@@,C1(=CC=C(C=C1)Br)(C2(=CSC(=N2)C)),1,,CDCl3,7.26,250.131544655141
648,0,fdyaP@D@XhulbbbfrbbVINN|uSUKUTpxP@,N1(C(=O)C(C(C(OCC)=O)C1)=O)(CC=2(OC=CC=2)),1,,CDCl3,7.26,250.131544655141
649,0,foAqB@AJt`DPdwJv{\dkTpACUD@@,C(C1(=CC=C2(C(=C1)N=NN2C(C)C)))(=O)Cl,1,,CDCl3,7.26,250.131544655141
653,0,fhi`a@IV\@HpDYHhhdddXTQgAULuuMT`@@,C12(=C(C(C)=C(S1)C(=O)OCC)C(C)=C(S2)C#N),1,,CDCl3,7.26,250.131544655141
654,0,fbu`a`AHpBH`DTBHrBYCLadTabTQbRrdxIwiZZh@Ji@@@,S2(C(C=1(C=CC(C(F)(F)F)=CC=1))=NC(=C2(S(Cl)(=O)=O))C),1,,CDCl3,7.26,250.131544655141
655,0,dieH`BXPqDfYTffif@@,N1(N=CC(=C1(C=O))Br)(C),1,,CDCl3,7.26,250.131544655141
662,0,fi{`b`LJt@HYPMdNr@yCIEEMDhedmEDyLTlEwjY`jBbjjh`@@,S3(C(B1(OC(C)(C)C(C)(C)O1))=C(C)N=C3(C2(=CC=C(C=C2)C(F)(F)F))),1,,CDCl3,7.26,250.131544655141
663,0,do|DPDpHb@cHiBhdliIVV`@j`@@,S(=O)(=O)(CC1(=CC=C(C(C)(C)C)C=C1))Cl,1,,CDCl3,7.26,250.131544655141
664,0,dcLDpDpHb@cXcHiBhdmJrt@D@@,S(=O)(=O)(CC1(=CC=C(C=C1)Cl))Cl,1,,CDCl3,7.26,250.131544655141
665,0,do|DhDpHb@`yByAyCHiBhdhYIVV`@j`@@,S(=O)(=O)(CC1(=CC(C(F)(F)F)=CC=C1))Cl,1,,CDCl3,7.26,250.131544655141
667,0,dg|DPMLLPPaIe[]nfFX@JYh`@,S1(C=2(C=CC(=CC=2(C=C1(C(=O)OC)))Br)),1,,CDCl3,7.26,250.131544655141
671,0,dg~HPDTHbXcHheEELbwG\A@R@@@@,N1(=C(C(=CC2(=C1C=CC=C2))C(Cl)=O)Cl),1,,CDCl3,7.26,250.131544655141
680,0,dcmH@LxDee[UaWV@@@@@@,N=2(C1(=NC=CC=C1C=CC=2C=O)),1,,DMSO,2.5,250.131544655141
685,0,dclH`ACDRYVyzy]`BFh`@,O=C1(C2(=CC(=CC=C2(CCC1))Br)),1,,CDCl3,7.26,250.131544655141
694,0,dcLDPDpHb@cHiCEDmJrpDD@@,S(C=1(C(=CC=C(C=1)C)C))(=O)(=O)Cl,1,,CDCl3,7.26,250.131544655141
695,0,do|DXDpHb@cX`yByAyCHiCDeLiAfV@Bj`@@,S(C1(=CC(C(F)(F)F)=C(C=C1)Cl))(=O)(=O)Cl,1,,CDCl3,7.26,250.131544655141
697,0,fhi@c@DXADPB@qFQRFIKJIKBd{tl@D@D@@@,O=S(=O)(C2(=CC=C(C=1(C=CC(Cl)=CC=1))C=C2))Cl,1,,CDCl3,7.26,250.131544655141
698,0,do}D@NTDRY[WYQej@Bj`@@,C=1(C=C(C=NC=1(N(CC)CC))C(OC)=O),1,,CDCl3,7.26,250.131544655141
699,0,foAP`@NJ@aIem]eEJsfh@JjH@@,N2(C1(=CC=C(C(OC)=O)C=N1))(CCCC2),1,,CDCl3,7.26,250.131544655141
700,0,fhi@c@DXADPB@rFQRFIKJIKBd{tl@D@D@@@,O=S(=O)(C2(=CC=C(C=1(C=CC(F)=CC=1))C=C2))Cl,1,,CDCl3,7.26,250.131544655141
701,0,fdyAa@DXBBH`DYEHXdlhdlaR]zV@B@B`@@,O=S(=O)(C2(=CC=C(C=1(C=CC(OC)=CC=1))C=C2))Cl,1,,CDCl3,7.26,250.131544655141
705,0,fhi@a@DXADPBLbdLRVTRVEIwiX@H@H@@@,O=S(=O)(C2(=CC=C(C=1(C=CC(C)=CC=1))C=C2))Cl,1,,CDCl3,7.26,250.131544655141
708,0,dk^@PDBHfHRYYm^ntx@``@@@,N2(=C(C(=CC=1(C=CC=CC=12))CCl)Cl),1,,CDCl3,7.26,250.131544655141
709,0,dk]H@JXLbTTRTJx]M`HJh`@,N2(C=1(C(=CC=CN=1)C=O))(CCCC2),1,,CDCl3,7.26,250.131544655141
711,0,f`qa`@F@UkHhdhdYeIQgAMUUMUT`aEB@@,C12(CCC(CC(=O)C1)N2(C(OC(C)(C)C)=O)),0,,CDCl3,7.26,250.131544655141
713,0,dg|DpDpHb@b`cHiCDddmpz\mM@D@@@,S1(C=2(C=CC(=CC=2(C=C1(S(Cl)(=O)=O)))C)),1,,CDCl3,7.26,250.131544655141
714,0,dk]H@JDDee]e[mM`@jh`@,N2(C1(=CC=C(C=N1)C=O))(CCCC2),1,,CDCl3,7.26,250.131544655141
720,0,daE@PDHLSlQIe^f`@`@@,C1(=C(N=NC(=C1)Br)Br),1,,CDCl3,7.26,250.131544655141
723,0,dclD`ITLQIeYUiiv@Bib@@,C1(=CC(=C2(OCCC2(=C1)))C=O)(Br),1,,CDCl3,7.26,250.131544655141
724,0,dkmH@JDDee]e[f@Bj`@@,C1(=C(N(CC)CC)N=CC(C=O)=C1),1,,CDCl3,7.26,250.131544655141
734,0,foAAB@N@qDee[yU`kNh@b@@@@@,C=1(C(=CC(=CC=1)CBr)OC2(=CC=CC=C2)),1,,CDCl3,7.26,250.131544655141
741,0,fjm`R@FZMxHJqIfUWgYkHpRjP`ajZj`@@,C1(=C(C=C2(N(C(OC(C)(C)C)=O)C=C(I)C2(=C1)))C(=O)OC),1,,CDCl3,7.26,250.131544655141
747,0,daEH@LhDeeZYff`@,N1(C=CC(=N1)C=O)(C),1,,CDCl3,7.26,250.131544655141
748,0,foA@``DXADPBJAChcHiCDheenBMZVfh@`@@,S2(C=1(C=CC(=CC=1C(=C2(S(Cl)(=O)=O))C)Cl)),1,,CDCl3,7.26,250.131544655141
750,0,dcl@p@qNBMbDefUvneZdHB`@@,S1(C=C(C=2(C=C(C=CC1=2)Cl))CBr),1,,CDCl3,7.26,250.131544655141
751,0,det@`@BDie_rnF`PJ@@,S1(C=CC=2(C=C(C=CC1=2)C)),1,,CDCl3,7.26,250.131544655141
754,0,foApA@D\TBHiDILlwvkNV]@PT@@@@@,N1(=C(N=C(C(=C1Cl)Cl)C)C2(=NC=CC=C2)),1,,CDCl3,7.26,250.131544655141
755,0,dmuHPDEPbFbLbbRbJkh@bT@@,N1(=C(C=C(C=C1Cl)N=C=O)Cl),1,,CDCl3,7.26,250.131544655141
762,0,dg|L`L{PqDeVYVyO[j``hb@@,C12(=C(OCCO1)C=CC=C2OCCBr),1,,CDCl3,7.26,250.131544655141
763,0,dcn@`DBHrJIQPiUr{@D@@@@,N=1(C(=C(C)C=C2(C=1C=CC=C2))Cl),1,,CDCl3,7.26,250.131544655141
773,0,dcvL@NBfRYYUffjjBL`,C(C(C(OC)OC)=O)=CN(C)C,0,,CDCl3,7.26,250.131544655141
774,0,dg]@hDdHchcY@yByCHheEDkHppDQuP@@,C1(=C(C(F)(F)F)C=C(N=C1Cl)Cl)(C#N),1,,CDCl3,7.26,250.131544655141
776,0,dieH`B[`bDfYtfiZZ@@,N1(C=C(C(C=O)=N1)Cl)(C),1,,CDCl3,7.26,250.131544655141
778,0,dg^DpCWPdDdLdLbdLTRbLgUA@q@@@,C1(=C(C(F)(F)F)C=CN=C1)(C(=O)OC),1,,CDCl3,7.26,250.131544655141
779,0,dcM@pEtIAICICHiCEDeNuPPX@@,C(C1(=C(C#N)C=NC=C1))(F)(F)F,1,,CDCl3,7.26,250.131544655141
781,0,dmvD`BFPqDfU^zZ@BZ@@,C1(C(=O)OC)(=CC(Br)=CN=C1),1,,CDCl3,7.26,250.131544655141
793,0,fj}ab@LPQd@QddabbbRRRvTmVcyJuP@`DCP@@@,N1(C=C(C=O)C2(=C1C=CC=C2))(S(C3(=CC=C(C=C3)C))(=O)=O),1,,CDCl3,7.26,250.131544655141
795,0,dcl@`@dDfUm^feX@@B@@@,C=12(C(=CC(=CC=1)F)C=CC(=C2)C),1,,CDCl3,7.26,250.131544655141
797,0,dg|H`DBHR[YVuFSnZ@@@@@@,C(=O)(CC1(=CC2(=CC=CC=C2(C=C1))))Cl,1,,CDCl3,7.26,250.131544655141
803,0,dg\DhDpHb@cY@yByCHiCDeeHLrp@UP@@,S(C=1(C=CC(C(F)(F)F)=CC=1))(=O)(=O)Cl,1,,CDCl3,7.26,250.131544655141
804,0,fhiA@@@ILvmmM\EisP@UUTP@@,C1=2(C(C(C)(C)CCC1(C)C)=CC=C(C=2)C(=O)C),1,,CDCl3,7.26,250.131544655141
805,0,dcLD`ITLSHeDeMBpt@Pt@@,C(C=1(C=C(CBr)C=CC=1))(=O)OC,1,,CDCl3,7.26,250.131544655141
808,0,gFxHD@aIVMVj@@,C(=NC1(CC1))=S,0,,CDCl3,7.26,250.131544655141
810,0,dmtH`DBHR[e[xY`@h@@,C(C1(=CC(C)=C(C=C1)C))(=O)Cl,1,,CDCl3,7.26,250.131544655141
811,0,deVH`ND@aJYgbZigZ@@,S1(C(=CC=C1(C#N))C(C)=O),1,,CDCl3,7.26,250.131544655141
812,0,ffmAa`CIrBPQHXdGRGi@LadTabRbTtflrDjj@Hfjfh@@,C(C=1(C=C(C(F)(F)F)C=C(C=1)C(CC(=O)OCC)=O))(F)(F)F,1,,CDCl3,7.26,250.131544655141
815,0,dcNDPMS@bHBLbdLRVPsK@AX@@,S(C1(=CC=C(C#N)C=C1))(=O)(=O)Cl,1,,CDCl3,7.26,250.131544655141
819,0,did@`@qLbbRaih@J@@,C1(=C(Br)C=CC=C1CC),1,,CDCl3,7.26,250.131544655141
820,0,dmtH@@rJJYJGaZ@B`@@,C1(C(=O)C)(=CC(CC)=CC=C1),1,,CDCl3,7.26,250.131544655141
822,0,difH@LAJ[UxZZj`@,N1(=C(OC)CCCCC1),0,,CDCl3,7.26,250.131544655141
823,0,fdyAB@L@qDenUmihTc^i`@jjh`@@,C12(=C(C(C)(C)CCC1(C)C)C=CC(=C2)C(=O)CBr),1,,CDCl3,7.26,250.131544655141
824,0,deV@PIBPJPRYg]n``K@@,N#CC1(=CC(F)=C(C=C1)F),1,,CDCl3,7.26,250.131544655141
825,0,deUD@JdDRY[giZijP@,N1(C=NC=C1(C(=O)OC))(C),1,,CDCl3,7.26,250.131544655141
826,0,dcNDPMS@bHBLbdLRTpkK@DX@@,S(C1(=CC(C#N)=CC=C1))(=O)(=O)Cl,1,,CDCl3,7.26,250.131544655141
829,0,dcLL@@STfVyVUZ`HD@@,C(C1(=C(C=O)C=CC=C1))(=O)OC,1,,CDCl3,7.26,250.131544655141
830,0,dmtD@@QIenVUZ`H@@@,C(C1(=C(C)C=CC=C1))(=O)OC,1,,CDCl3,7.26,250.131544655141
831,0,dcLD`ITHaIfW{[hBBZ@@,C(C=1(C=C(Cl)C(=CC=1)C))(=O)OC,1,,CDCl3,7.26,250.131544655141
833,0,dkn@`D@HRUe]kaV@Bj@@,C(=NC1(=CC=C(C(C)(C)C)C=C1))=S,1,,CDCl3,7.26,250.131544655141
845,0,foAaB@FXADIKJnrkNV]UUT@DPQP@,N1(CC(CCl)OCC1)(CC2(=CC=CC=C2)),1,,CDCl3,7.26,250.131544655141
847,0,dcND`LePBLdTTNTvUSMST@@,S1(C(C)=C(CC(OC)=O)N=C1(C)),1,,CDCl3,7.26,250.131544655141
851,0,dg\DhDpHb@cY@yByCHiCDeCHLrp@UP@@,S(C1(=CC(C(F)(F)F)=CC=C1))(=O)(=O)Cl,1,,CDCl3,7.26,250.131544655141
853,0,foA`a@EBdBHxDYEDeeHXeQegP@RuJP@@,S(N1(C=CC=C1))(C2(=CC=C(C=C2)Cl))(=O)=O,1,,CDCl3,7.26,250.131544655141
855,0,foAQA@JBHCDYbYEEEMKDepUgTmU@@`@@,C1(C(=C(Br)C=NN1C2(=CC=CC=C2))Br)(=O),1,,DMSO,2.5,250.131544655141
864,0,dklL@@QTfWe[gVj@H`@@,C(=O)(CC1(=CC(OC)=CC=C1))OC,1,,CDCl3,7.26,250.131544655141
866,0,deVD@DCdfY[ifjVh@@,N1(C(C=C(C1)C)=O)(C(=O)C),0,,CDCl3,7.26,250.131544655141
868,0,dg|D@@QIgfV^UtvhBBh`@,C12(=C(OC(=O)C)C=CC(=C1CCC2)C),1,,CDCl3,7.26,250.131544655141
869,0,dcN@hDCDjHfPVPvPrJIQERMtAAU@@@,C(C1(=CC(Cl)=C(N=C1)Br))(F)(F)F,1,,CDCl3,7.26,250.131544655141
870,0,dmuDaDFUBHFU{HheDUJz@Hf@@,[N+](C=1(C=C(C)C(=NC=1)Cl))([O-])=O,1,,CDCl3,7.26,250.131544655141
872,0,do|DPDpHb@cHiCDeddafV@Bj`@@,S(C=1(C=CC(=CC=1)CCCCC))(=O)(=O)Cl,1,,CDCl3,7.26,250.131544655141
873,0,do|@`@qDfUuUVf`@jjh@@,C1(Br)(=CC=C(C=C1)CCCCCCCC),1,,CDCl3,7.26,250.131544655141
875,0,deTH@@Rfuunh@K@@,C(#C)C=1(C=CC(=CC=1)OC),1,,CDCl3,7.26,250.131544655141
876,0,dcL@@Dke]Unx@Jh@@,C(#C)C1(=CC=C(C=C1)CCCC),1,,CDCl3,7.26,250.131544655141
881,0,dcLDPDpHb@cHiCDedLrp@T@@,S(C=1(C=CC(=CC=1)CC))(=O)(=O)Cl,1,,CDCl3,7.26,250.131544655141
882,0,dg\DPDpHb@cHiCDeddLrp@UP@@,S(C=1(C=CC(=CC=1)CCCC))(=O)(=O)Cl,1,,CDCl3,7.26,250.131544655141
884,0,dmtHpEBPRPrPrJPqIXYjjjX@@,C(C1(CCC(CC1)=O))(F)(F)F,0,,CDCl3,7.26,250.131544655141
898,0,f`~@Q@BTMXFHkDrJJKIJFYUMUTuHaPJ`@,C(=O)(C(CCC(C(=O)OCC)Br)Br)OCC,0,,CDCl3,7.26,250.131544655141
899,0,diTL@@SdfVTjXVjfiLUH@,C1(=O)(OC(=O)C2(C1CC2)),0,,CDCl3,7.26,250.131544655141
900,0,dc\@`@qDeiUgiEQvjjjjlZ\aP@,C12(CC3(CC(C1)CC(C2)C3))(CBr),0,,CDCl3,7.26,250.131544655141
902,0,dknDpDWPbJdNbLbbTTjfXXBHf`@@,C=1(C(=NC(=C(C=1)F)Cl)Cl)(C(=O)OC),1,,CDCl3,7.26,250.131544655141
903,0,dcMLaDkiTHbiWdfVYma`Hah@@,[N+](C=1(C(=NC(=CC=1)OC)Cl))([O-])=O,1,,CDCl3,7.26,250.131544655141
908,0,gKPHAbIKXuT@@,C1(CC1CBr),0,,CDCl3,7.26,250.131544655141
911,0,dk^D`DdpBDeVUmE]MZ@Hh`@,C(=S)=NCC1(=CC2(=C(C=C1)OCO2)),1,,CDCl3,7.26,250.131544655141
914,0,gOxHD@aIUjujh@,C(=S)=NCC1(CC1),0,,CDCl3,7.26,250.131544655141
917,0,gOt@@deekzj`@,C(#N)N1(CCCC1),0,,CDCl3,7.26,250.131544655141
918,0,dazD@BCDimjjh@@,C(N(C)C)(OC)OC,0,,CDCl3,7.26,250.131544655141
920,0,dmLL@@xTfUyZZUZjjj@@,C12(OCCO1)(CCC(CC2)=O),0,,CDCl3,7.26,250.131544655141
923,0,dctJ@@QiUIe{[Ziih@@,C(C(CC(=O)OC)=O)C(=O)OC,0,,CDCl3,7.26,250.131544655141
925,0,dctD@@QIeuUZnjh@@,C(#CCCCCCC)C(=O)OC,0,,CDCl3,7.26,250.131544655141
926,0,dmv@@@RVUv[n@Bh@@,N#CC1(=CC=C(C=C1)C(C)C),1,,CDCl3,7.26,250.131544655141
928,0,didD@@QIeiifjj`@,C1(C(=O)OCC)(CC1)(C),0,,CDCl3,7.26,250.131544655141
931,0,didH`ACDRYWZZ@BP@@,O=CC1(=CC=C(C=C1)Br),1,,CDCl3,7.26,250.131544655141
935,0,dmvLAHAEbTyInYTYZ@`P@@,[N+](C=1(C(C=O)=CC=CC=1))([O-])=O,1,,CDCl3,7.26,250.131544655141
936,0,dmvDaNePbNe^RVUnXZ@HX@@,[N+](C=1(C=C(CCl)C=CC=1))([O-])=O,1,,CDCl3,7.26,250.131544655141
937,0,dif@`ABPRYWZZ@Bp@@,N#CC=1(C=CC(=CC=1)F),1,,CDCl3,7.26,250.131544655141
941,0,daEH@DpDfYbYjj`@,C1(N(CCN1C)C)(=O),0,,CDCl3,7.26,250.131544655141
944,0,gOp`@tfUkZj`@,C1(=O)(CCOCC1),0,,CDCl3,7.26,250.131544655141
947,0,gNxHD@aIUej`@,C(=S)=NCC(C)C,0,,CDCl3,7.26,250.131544655141
951,0,dknH@DAIVUvnEX@Jh@@,C(=NC1(=CC=C(C(C)(C)C)C=C1))=O,1,,CDCl3,7.26,250.131544655141
957,0,dmv@pFBHfPTHRYVukh@ad@@,C(=NC1(=CC(Cl)=CC=C1F))=S,1,,CDCl3,7.26,250.131544655141
959,0,gOx@@dlyoUL@@,N#CC1(CC(C1)=C),0,,CDCl3,7.26,250.131544655141
960,0,dcNLaBx]BPJQ{HhheETtpPLR@@,[N+](C1(=C(C=CC(=C1)C=O)F))([O-])=O,1,,CDCl3,7.26,250.131544655141
963,0,die@`LD@aJYurjYk`@,S1(C=C(N=C1(CC#N))C),1,,CDCl3,7.26,250.131544655141
964,0,gOuHLZHaIYZzZX@,O1(N=C(N=C1)CCl),1,,CDCl3,7.26,250.131544655141
965,0,dmuH`LJ`bDeevjZffj`@,O1(C(=NC(CCl)=N1)C(C)(C)C),1,,CDCl3,7.26,250.131544655141
978,0,fbupb@B\L{pJqIe]e]mjcMF`@jjfjb@@,C=1(C=C(C=NC=1N2(CCN(CC2)C(OC(C)(C)C)=O))I),1,,CDCl3,7.26,250.131544655141
981,0,fbuQb@LFt{p@cIEEhddbieIbbcTsUSSUU@@@,C1(CN(C(=O)OC(C)(C)C)CCC1C=2(SC=C(C=O)N=2)),1,,CDCl3,7.26,250.131544655141
982,0,detH`DCDRYUTjFZZ@@@@,C=1(C=CC=2(OC(=CC=2(C=1))Br)),1,,CDCl3,7.26,250.131544655141
985,0,dg}@`BXLSHhhh]DdSG]KU@A@@@,N2(C1(=CC=CC=C1))(N=C(C)C(=C2C)Br),1,,CDCl3,7.26,250.131544655141
988,0,foAa@@I@rIQIPjIIgKNX@Jjh`@@,C1(CCCN(C1)CC2(=CC=CC(=C2)C=O)),1,,CDCl3,7.26,250.131544655141
991,0,dcn@`NCDRYWYZY]`@jh`@,N1(CCCC1)(C=2(C=CC(=CC=2)Br)),1,,CDCl3,7.26,250.131544655141
992,0,fbm`b@O@Xb`rQRJJVEKJIXYYr\uUU@AUTP@@,C=2(C=CC(B1(OC(C(O1)(C)C)(C)C))=CC=2)(N3(CCCC3)),1,,CDCl3,7.26,250.131544655141
993,0,foAaA@EHADVBDfyWYW`cVf@Beh`@@,C1(=CSC(=N1)C)(C2(=CC=C(C(Cl)=O)C=C2)),1,,CDCl3,7.26,250.131544655141
995,0,fdyP`@MA@cHheLeBhdlJW`mP@UUTP@@,C=1(C=C(C=C(C(OC)=O)C=1)CN2(CCN(CC2)C)),1,,CDCl3,7.26,250.131544655141
997,0,foAQB@BLPBHrJZJHjII`kNffj@A@@@,C=1(C=CC(=CC=1)C2(=NN(C(=C2)C(Cl)=O)C)),1,,CDCl3,7.26,250.131544655141
998,0,dk^H`LhHaIY]eZ[Sii`@`@@,C2(=CC=C(C=1(ON=C(C=1)CCl))C=C2),1,,CDCl3,7.26,250.131544655141
1001,0,fluaB@LJ@DISMrjwobaoQSSLD`@A@@@,C=1(C=C(C=CC=1)C3(=C(SC(C2(=CC=CC=C2))=N3)C=O)),1,,CDCl3,7.26,250.131544655141
1002,0,fde@Q@F\EH@PR`RfUeUylTU[QjYjjjjj@@,O1(C=2(C(OCC1)=C(SC=2)B3(OC(C(O3)(C)C)(C)C))),1,,CDCl3,7.26,250.131544655141
1003,0,dg}H@JDDee]eVx{X@Jjb@@,C=2(C=C(C=NC=2(N1(CCCCC1)))C=O),1,,CDCl3,7.26,250.131544655141
1005,0,dg}D@NDKrIQIPqIMqvp@UUD@@,C2(=C(N1(CCOCC1))N=CC=C2(C=O)),1,,CDCl3,7.26,250.131544655141
1007,0,f`qp@@@R\dlkkJ{NV]p@UUTP@@,C=1(C=C(C=CC=1(C#N))CN2(CCN(CC2)C)),1,,CDCl3,7.26,250.131544655141
1009,0,dcm@`LhHaIYYWievf``H@@,C=1(C=CC=2(N(N=C(C=2(C=1))CCl)C)),1,,CDCl3,7.26,250.131544655141
1010,0,do}D`BZUBlrJJJGSJPfiZijj@@,N1(N=C(C(I)=C1(C))C)(C(OC(C)(C)C)=O),1,,CDCl3,7.26,250.131544655141
1011,0,dg@@@dtee]YVx{x@JiR@@,C1(=CC(=CC=C1CN2(C=NC=C2))C#N),1,,CDCl3,7.26,250.131544655141
1015,0,dcnHPLhH`PaIY]eievfffi@@,O2(N=C(CCl)C=C2(C=1(SC=CC=1))),1,,CDCl3,7.26,250.131544655141
1018,0,fle`P@K@QIJSKZwkJbUEKT@QUUQ@@@,C=1(C=C(C(OC)=O)C=CC=1)(OCCN2(CCOCC2)),1,,CDCl3,7.26,250.131544655141
1019,0,foAP@@@RRVUueV\l{`@jjb@@,C=1(C=C(C=CC=1C#N)CN2(CCCCC2)),1,,CDCl3,7.26,250.131544655141
1020,0,dg|`@@e[RVUue[co`@jeH@@,C2(=C(C=CC(CN1(C=NC=N1))=C2)C#N),1,,CDCl3,7.26,250.131544655141
1022,0,f`qPb@FBMX@QdbbTLQTrIPRjefjZi@@,S2(C=CC=C2(C1(=CC(C(OCC)=O)=NN1(C)))),1,,CDCl3,7.26,250.131544655141
1023,0,f`qPb@FBMX@QdbbTJRtrIPTjeZZZj@@,N2(C(=CC(C=1(SC=CC=1))=N2)C(OCC)=O)(C),1,,CDCl3,7.26,250.131544655141
1025,0,dmND`FxPBDieWRjUjWjj@@,O1(C2(=CSC(=C2(OCC1))C#N)),1,,CDCl3,7.26,250.131544655141
1026,0,difH`LXHaIYYijej`@,O1(C(C)=NC(=C1(C))CCl),1,,CDCl3,7.26,250.131544655141
1029,0,fj}`c@AHpBH`DTBLbdLRbtTRRVxHNTeeij`@@A@@@,C=3(C=C(C=2(N=C(C1(=CC=CC=C1))SC=2(S(Cl)(=O)=O)))C=CC=3),1,,CDCl3,7.26,250.131544655141
1030,0,ff}ab@GBCDD`drnwJ{[UFV]@AMUTuTP@@,C=2(C=C(C(C1(CCN(CC1)C(=O)OC(C)(C)C))=O)C=CC=2F),1,,CDCl3,7.26,250.131544655141
1031,0,foA`P@J@QirSK\n{rVcMTuTrp@@,O2(C(=CC=1(N(C(=CC=12)C(=O)OC)C))C=O),1,,CDCl3,7.26,250.131544655141
1036,0,dg~DPMS@bHBLbdLRTrPsirp@Tq@@,C2(=CC=1(C=CN(C=1C=C2)C))(S(Cl)(=O)=O),1,,CDCl3,7.26,250.131544655141
1037,0,dcnH@IAIYVu[iU`@ib@@,C=1(C=CC=2(N(C=CC=2(C=1))C))(C=O),1,,CDCl3,7.26,250.131544655141
1039,0,dg}H@LhLbTTQTRU\]mMT@B@@,C=2(C=CC(C1(=NN(C(=C1)C=O)C))=CC=2),1,,CDCl3,7.26,250.131544655141
1040,0,f`qQ`@JB@`rSKJ{rbd{sTuMST`@@,O2(C(C1(=CC(=NN1(C))C(OCC)=O))=CC=C2),1,,CDCl3,7.26,250.131544655141
1042,0,f`qQ`@JB@`vQQJIQUQHRg^ZijjZT@@,O2(C=CC=C2(C=1(C=C(N(N=1)C)C(=O)OCC))),1,,CDCl3,7.26,250.131544655141
1043,0,dclHPMCDDHrJIJYPtps@ASI@@,C12(=CC(=CC=C2(SC=C1C=O))Br),1,,CDCl3,7.26,250.131544655141
1045,0,foAQ@@JN@eJzrmdijuUT@Qp@@,C=1(C(=CC(=CC=1)CN2(CCOCC2))C#N),1,,CDCl3,7.26,250.131544655141
1046,0,dg~@PICDLHRVUvU[mN`@iZH@@,C1(=CSC(=N1)C)(C2(=CC=C(CBr)C=C2)),1,,CDCl3,7.26,250.131544655141
1047,0,fj}`a@LV\@HMPYHhbhdlhdhibbm^CSL@EUUTP@@,C=1(N=C(SC=1)C)(C=2(C=CC(=CC=2)B3(OC(C(O3)(C)C)(C)C))),1,,CDCl3,7.26,250.131544655141
1048,0,foAA`@@Htdrk\kruYsUTa@P@@,O2(C=1(C=CC=CC=1C(=C2)CC(=O)OCC)),1,,CDCl3,7.26,250.131544655141
1049,0,fikQB@J^FALrRQQIIIISIJMKP^cj`jBjJjjH@@,C1([Sn](CCCC)(CCCC)CCCC)(=NC(=CC=C1)N2(CCOCC2)),1,,CDCl3,7.26,250.131544655141
1052,0,ffc`b@@`Xb`rQRJJVEKIQIXYYqZuUU@AUUQ@@@,C=2(C=CC(CN1(CCCCC1))=CC=2)(B3(OC(C(O3)(C)C)(C)C)),1,,CDCl3,7.26,250.131544655141
1053,0,dg}H@LhDeeWeZX{Yih@H@@,C=2(C=CC(C=1(N(N=C(C=1)C=O)C))=CC=2),1,,CDCl3,7.26,250.131544655141
1057,0,dg}D`BYEBHR[eWe[cnYijZd@@,N2(N=C(C=C2(C1(=CC=CO1)))C(Cl)=O)(C),1,,CDCl3,7.26,250.131544655141
1061,0,dcmH@LhDeee^fWVZB@`@@,C1=2(C(N(N=C1(C=O))C)=CC=CC=2),1,,CDCl3,7.26,250.131544655141
1063,0,difD@LAdeeffZVj@@,O1(C(C)=NC(=C1(C))C=O),1,,CDCl3,7.26,250.131544655141
1068,0,dcm@`DXLQIe[mkev@Hjb@@,C=1(C=C(N=C(C=1)Br)N2(CCCC2)),1,,CDCl3,7.26,250.131544655141
1069,0,foA``@I@]dRbRaTRSNV\p@UUQ@@@,C=1(C(=CC(=CC=1)CN2(CCOCC2))C=O),1,,CDCl3,7.26,250.131544655141
1074,0,dg~H@IAIYV{UaNv@H@@@@,C=2(C=CC(C1(=CC=CC(=C1)C=O))=NC=2),1,,CDCl3,7.26,250.131544655141
1077,0,fde`A@J@qDABSKOLjnRe`~cSU@@@B@@@,C=1(C=C(C=CC=1)C3(=C(SC(C2(=CC=CC=C2))=N3)Br)),1,,CDCl3,7.26,250.131544655141
1081,0,f`q@b@DLADIMsJ}jISoSAA@@@@@,C=2(C=C(C(OC1(=CC=CC=C1))=CC=2)C(Cl)=O),1,,CDCl3,7.26,250.131544655141
1082,0,dcLDpDpHb@`YCHiBhhlnrtD@@@,S(CC1(=C(F)C=CC=C1))(=O)(=O)Cl,1,,CDCl3,7.26,250.131544655141
1088,0,f`qQ@@IN@dlkkJ{NV\p@UUTP@@,C=1(C=C(C=CC=1C=O)CN2(CCN(CC2)C)),1,,CDCl3,7.26,250.131544655141
1089,0,f`ia@@F@rJIJIEQITYpSoMUUP@THHQP`@,C13(CCC(CC(=O)C1)N3(CC2(=CC=CC=C2))),1,,CDCl3,7.26,250.131544655141
1092,0,dk]H`AePqDfUnwkev@HZX`@,C2(C1(=CC(=CC=C1)Br))(=NOC(=N2)C),1,,CDCl3,7.26,250.131544655141
1094,0,flu`A@F@qLABRrssJktXzHTuMT@@@H@@@,C=1(C=C(C=CC=1)C3(=C(SC(C2(=CC=CC=C2))=N3)CBr)),1,,CDCl3,7.26,250.131544655141
1095,0,foAp`@DBdAvQIQIPqI\EYrp@UUD@@,C=1(C(=CC(=NC=1)N2(CCOCC2))N=C=O),1,,CDCl3,7.26,250.131544655141
1096,0,dk]@`AtLSHhdhUDj[S`@jeH@@,C=2(C(CN1(C=NC=C1))=CC(Br)=CC=2),1,,CDCl3,7.26,250.131544655141
1097,0,f`qP`@MN@aIem]YQR]yj@BjT`@@,C=1(C(=CC=C(C=1)C(OC)=O)CN2(C=NC=C2)),1,,CDCl3,7.26,250.131544655141
1098,0,dcmH@LhLbTTTJU\nmMUJp@@,C=12(C=CC=CC2(=NN(C=1C=O)C)),1,,CDCl3,7.26,250.131544655141
1099,0,dg~@`ABlrJIJEQITqw@AUUD@@,C2(CCCN(CC1(=CC=CC(=C1)I))C2),1,,CDCl3,7.26,250.131544655141
1100,0,f`qQ@@INAdRbRaTRVYrsf@Bjjb@@,C1(CN(CCN1(C))CC2(=CC=CC(=C2)C=O)),1,,CDCl3,7.26,250.131544655141
1101,0,dk_@`AdpkLbbRaTRimN@BjT`@,N2(CC=1(C=C(I)C=CC=1))(N=CN=C2),1,,CDCl3,7.26,250.131544655141
1102,0,dg}@`LhHaIYUyVfNzZZ@B@@,N1(N=C(C=C1C=2(C=CC=CC=2))CCl)(C),1,,CDCl3,7.26,250.131544655141
1105,0,dk^@`C@HRe^UwBeZV@Bx@@,C1(=CC(=CS1)C2(=CC=C(C=C2)C#N)),1,,CDCl3,7.26,250.131544655141
1107,0,deTH`ICDRVUunh@I@@,BrCC1(=CC=C(C=C1)C=O),1,,CDCl3,7.26,250.131544655141
1109,0,dcLDPDpHb@cHiBhhdnrtA@@@,S(CC1(=C(C)C=CC=C1))(=O)(=O)Cl,1,,CDCl3,7.26,250.131544655141
1110,0,didLPDs`bHBLbdLRxYYi`@,O1(C=C(S(Cl)(=O)=O)C=C1),1,,CDCl3,7.26,250.131544655141
1113,0,dk]H@NdDee[mX]M`BJT`@,C2(=CC(N1(C=CC=N1))=CC=C2)(C=O),1,,CDCl3,7.26,250.131544655141
1116,0,daE@`DhHaIeZf`@`@@,C=1(N=CC(=NC=1C)Cl),1,,DMSO,2.5,250.131544655141
1121,0,dmLL`FxPBDieU|jUifZj@@,S2(C(C=O)=C1(C(OCCO1)=C2)),1,,CDCl3,7.26,250.131544655141
1122,0,dmtDpJTIAICICHiCDenFjfiP@,O1(C(C=O)=CC=C1(C(F)(F)F)),1,,CDCl3,7.26,250.131544655141
1124,0,daE@`DXLQIfTfijd@@,N1(C(C)=NC=C1Br)(C),1,,CDCl3,7.26,250.131544655141